forecast_date,nombre_parcela,latitude,longitude,temp_min_c,temp_max_c,temp_mean_c,precipitation_mm,humidity_pct,wind_m_s,et0_mm,source
2026-05-11,A1,-21.94893306033379,-60.69325364598985,7.9,20.1,13.6,0.0,68,7.1,3.06,Open-Meteo Forecast API
2026-05-12,A1,-21.94893306033379,-60.69325364598985,8.0,21.3,14.2,0.0,71,5.0,2.9,Open-Meteo Forecast API
2026-05-13,A1,-21.94893306033379,-60.69325364598985,9.9,24.2,16.8,0.0,67,5.6,3.11,Open-Meteo Forecast API
2026-05-14,A1,-21.94893306033379,-60.69325364598985,14.6,23.6,18.3,1.6,79,8.4,1.71,Open-Meteo Forecast API
2026-05-15,A1,-21.94893306033379,-60.69325364598985,16.2,23.1,19.1,2.7,82,7.3,1.9,Open-Meteo Forecast API
2026-05-16,A1,-21.94893306033379,-60.69325364598985,17.9,21.7,19.4,0.3,77,8.1,1.47,Open-Meteo Forecast API
2026-05-17,A1,-21.94893306033379,-60.69325364598985,15.2,20.5,17.5,0.0,68,12.1,2.61,Open-Meteo Forecast API
2026-05-11,A10,-21.916645491941317,-60.73469937578225,8.0,19.9,13.6,0.0,69,6.5,2.99,Open-Meteo Forecast API
2026-05-12,A10,-21.916645491941317,-60.73469937578225,8.2,20.5,14.2,0.0,74,4.5,2.84,Open-Meteo Forecast API
2026-05-13,A10,-21.916645491941317,-60.73469937578225,10.1,23.6,16.8,0.0,68,5.9,3.08,Open-Meteo Forecast API
2026-05-14,A10,-21.916645491941317,-60.73469937578225,14.9,23.5,18.4,0.7,79,9.1,1.79,Open-Meteo Forecast API
2026-05-15,A10,-21.916645491941317,-60.73469937578225,16.3,22.9,19.1,3.7,83,7.4,1.89,Open-Meteo Forecast API
2026-05-16,A10,-21.916645491941317,-60.73469937578225,17.5,21.5,19.3,0.3,79,8.5,1.39,Open-Meteo Forecast API
2026-05-17,A10,-21.916645491941317,-60.73469937578225,15.1,20.4,17.5,0.0,68,13.3,2.68,Open-Meteo Forecast API
2026-05-11,A11,-21.91127606815648,-60.73916827317523,8.0,19.9,13.6,0.0,69,6.5,2.99,Open-Meteo Forecast API
2026-05-12,A11,-21.91127606815648,-60.73916827317523,8.2,20.5,14.2,0.0,74,4.5,2.84,Open-Meteo Forecast API
2026-05-13,A11,-21.91127606815648,-60.73916827317523,10.1,23.6,16.8,0.0,68,5.9,3.08,Open-Meteo Forecast API
2026-05-14,A11,-21.91127606815648,-60.73916827317523,14.9,23.5,18.4,0.7,79,9.1,1.79,Open-Meteo Forecast API
2026-05-15,A11,-21.91127606815648,-60.73916827317523,16.3,22.9,19.1,3.7,83,7.4,1.89,Open-Meteo Forecast API
2026-05-16,A11,-21.91127606815648,-60.73916827317523,17.5,21.5,19.3,0.3,79,8.5,1.39,Open-Meteo Forecast API
2026-05-17,A11,-21.91127606815648,-60.73916827317523,15.1,20.4,17.5,0.0,68,13.3,2.68,Open-Meteo Forecast API
2026-05-11,A12,-21.906667568620414,-60.741673639858405,8.0,19.9,13.6,0.0,69,6.5,2.99,Open-Meteo Forecast API
2026-05-12,A12,-21.906667568620414,-60.741673639858405,8.2,20.5,14.2,0.0,74,4.5,2.84,Open-Meteo Forecast API
2026-05-13,A12,-21.906667568620414,-60.741673639858405,10.1,23.6,16.8,0.0,68,5.9,3.08,Open-Meteo Forecast API
2026-05-14,A12,-21.906667568620414,-60.741673639858405,14.9,23.5,18.4,0.7,79,9.1,1.79,Open-Meteo Forecast API
2026-05-15,A12,-21.906667568620414,-60.741673639858405,16.3,22.9,19.1,3.7,83,7.4,1.89,Open-Meteo Forecast API
2026-05-16,A12,-21.906667568620414,-60.741673639858405,17.5,21.5,19.3,0.3,79,8.5,1.39,Open-Meteo Forecast API
2026-05-17,A12,-21.906667568620414,-60.741673639858405,15.1,20.4,17.5,0.0,68,13.3,2.68,Open-Meteo Forecast API
2026-05-11,A13,-21.90126213488307,-60.74017125940367,8.0,19.9,13.6,0.0,69,6.5,2.99,Open-Meteo Forecast API
2026-05-12,A13,-21.90126213488307,-60.74017125940367,8.2,20.5,14.2,0.0,74,4.5,2.84,Open-Meteo Forecast API
2026-05-13,A13,-21.90126213488307,-60.74017125940367,10.1,23.6,16.8,0.0,68,5.9,3.08,Open-Meteo Forecast API
2026-05-14,A13,-21.90126213488307,-60.74017125940367,14.9,23.5,18.4,0.7,79,9.1,1.79,Open-Meteo Forecast API
2026-05-15,A13,-21.90126213488307,-60.74017125940367,16.3,22.9,19.1,3.7,83,7.4,1.89,Open-Meteo Forecast API
2026-05-16,A13,-21.90126213488307,-60.74017125940367,17.5,21.5,19.3,0.3,79,8.5,1.39,Open-Meteo Forecast API
2026-05-17,A13,-21.90126213488307,-60.74017125940367,15.1,20.4,17.5,0.0,68,13.3,2.68,Open-Meteo Forecast API
2026-05-11,A14,-21.896072410952872,-60.7465529581816,8.0,19.9,13.6,0.0,69,6.5,2.99,Open-Meteo Forecast API
2026-05-12,A14,-21.896072410952872,-60.7465529581816,8.2,20.5,14.2,0.0,74,4.5,2.84,Open-Meteo Forecast API
2026-05-13,A14,-21.896072410952872,-60.7465529581816,10.1,23.6,16.8,0.0,68,5.9,3.08,Open-Meteo Forecast API
2026-05-14,A14,-21.896072410952872,-60.7465529581816,14.9,23.5,18.4,0.7,79,9.1,1.79,Open-Meteo Forecast API
2026-05-15,A14,-21.896072410952872,-60.7465529581816,16.3,22.9,19.1,3.7,83,7.4,1.89,Open-Meteo Forecast API
2026-05-16,A14,-21.896072410952872,-60.7465529581816,17.5,21.5,19.3,0.3,79,8.5,1.39,Open-Meteo Forecast API
2026-05-17,A14,-21.896072410952872,-60.7465529581816,15.1,20.4,17.5,0.0,68,13.3,2.68,Open-Meteo Forecast API
2026-05-11,A15,-21.89000267776585,-60.744166823115854,8.0,19.9,13.6,0.0,69,6.5,2.99,Open-Meteo Forecast API
2026-05-12,A15,-21.89000267776585,-60.744166823115854,8.2,20.5,14.2,0.0,74,4.5,2.84,Open-Meteo Forecast API
2026-05-13,A15,-21.89000267776585,-60.744166823115854,10.1,23.6,16.8,0.0,68,5.9,3.08,Open-Meteo Forecast API
2026-05-14,A15,-21.89000267776585,-60.744166823115854,14.9,23.5,18.4,0.7,79,9.1,1.79,Open-Meteo Forecast API
2026-05-15,A15,-21.89000267776585,-60.744166823115854,16.3,22.9,19.1,3.7,83,7.4,1.89,Open-Meteo Forecast API
2026-05-16,A15,-21.89000267776585,-60.744166823115854,17.5,21.5,19.3,0.3,79,8.5,1.39,Open-Meteo Forecast API
2026-05-17,A15,-21.89000267776585,-60.744166823115854,15.1,20.4,17.5,0.0,68,13.3,2.68,Open-Meteo Forecast API
2026-05-11,A16,-21.900341622775397,-60.75193702196141,8.0,19.9,13.6,0.0,69,6.5,2.99,Open-Meteo Forecast API
2026-05-12,A16,-21.900341622775397,-60.75193702196141,8.2,20.5,14.2,0.0,74,4.5,2.84,Open-Meteo Forecast API
2026-05-13,A16,-21.900341622775397,-60.75193702196141,10.1,23.6,16.8,0.0,68,5.9,3.08,Open-Meteo Forecast API
2026-05-14,A16,-21.900341622775397,-60.75193702196141,14.9,23.5,18.4,0.7,79,9.1,1.79,Open-Meteo Forecast API
2026-05-15,A16,-21.900341622775397,-60.75193702196141,16.3,22.9,19.1,3.7,83,7.4,1.89,Open-Meteo Forecast API
2026-05-16,A16,-21.900341622775397,-60.75193702196141,17.5,21.5,19.3,0.3,79,8.5,1.39,Open-Meteo Forecast API
2026-05-17,A16,-21.900341622775397,-60.75193702196141,15.1,20.4,17.5,0.0,68,13.3,2.68,Open-Meteo Forecast API
2026-05-11,A17,-21.905601117468535,-60.75356128193689,8.0,19.9,13.6,0.0,69,6.5,2.99,Open-Meteo Forecast API
2026-05-12,A17,-21.905601117468535,-60.75356128193689,8.2,20.5,14.2,0.0,74,4.5,2.84,Open-Meteo Forecast API
2026-05-13,A17,-21.905601117468535,-60.75356128193689,10.1,23.6,16.8,0.0,68,5.9,3.08,Open-Meteo Forecast API
2026-05-14,A17,-21.905601117468535,-60.75356128193689,14.9,23.5,18.4,0.7,79,9.1,1.79,Open-Meteo Forecast API
2026-05-15,A17,-21.905601117468535,-60.75356128193689,16.3,22.9,19.1,3.7,83,7.4,1.89,Open-Meteo Forecast API
2026-05-16,A17,-21.905601117468535,-60.75356128193689,17.5,21.5,19.3,0.3,79,8.5,1.39,Open-Meteo Forecast API
2026-05-17,A17,-21.905601117468535,-60.75356128193689,15.1,20.4,17.5,0.0,68,13.3,2.68,Open-Meteo Forecast API
2026-05-11,A2,-21.944741111346534,-60.69327677916796,8.0,20.2,13.6,0.0,69,6.5,3.01,Open-Meteo Forecast API
2026-05-12,A2,-21.944741111346534,-60.69327677916796,8.0,20.9,14.2,0.0,72,5.1,2.89,Open-Meteo Forecast API
2026-05-13,A2,-21.944741111346534,-60.69327677916796,10.0,24.0,16.8,0.0,68,5.7,3.09,Open-Meteo Forecast API
2026-05-14,A2,-21.944741111346534,-60.69327677916796,14.8,24.2,18.4,1.9,79,8.7,1.84,Open-Meteo Forecast API
2026-05-15,A2,-21.944741111346534,-60.69327677916796,16.2,23.1,19.1,2.5,83,7.1,1.9,Open-Meteo Forecast API
2026-05-16,A2,-21.944741111346534,-60.69327677916796,17.8,21.6,19.4,0.3,78,8.2,1.41,Open-Meteo Forecast API
2026-05-17,A2,-21.944741111346534,-60.69327677916796,15.4,20.5,17.5,0.0,68,12.6,2.62,Open-Meteo Forecast API
2026-05-11,A3,-21.938406332738342,-60.69520495086762,8.0,20.2,13.6,0.0,69,6.5,3.01,Open-Meteo Forecast API
2026-05-12,A3,-21.938406332738342,-60.69520495086762,8.0,20.9,14.2,0.0,72,5.1,2.89,Open-Meteo Forecast API
2026-05-13,A3,-21.938406332738342,-60.69520495086762,10.0,24.0,16.8,0.0,68,5.7,3.09,Open-Meteo Forecast API
2026-05-14,A3,-21.938406332738342,-60.69520495086762,14.8,24.2,18.4,1.9,79,8.7,1.84,Open-Meteo Forecast API
2026-05-15,A3,-21.938406332738342,-60.69520495086762,16.2,23.1,19.1,2.5,83,7.1,1.9,Open-Meteo Forecast API
2026-05-16,A3,-21.938406332738342,-60.69520495086762,17.8,21.6,19.4,0.3,78,8.2,1.41,Open-Meteo Forecast API
2026-05-17,A3,-21.938406332738342,-60.69520495086762,15.4,20.5,17.5,0.0,68,12.6,2.62,Open-Meteo Forecast API
2026-05-11,A4,-21.933202714845276,-60.69627073270638,8.0,20.2,13.6,0.0,69,6.5,3.01,Open-Meteo Forecast API
2026-05-12,A4,-21.933202714845276,-60.69627073270638,8.0,20.9,14.2,0.0,72,5.1,2.89,Open-Meteo Forecast API
2026-05-13,A4,-21.933202714845276,-60.69627073270638,10.0,24.0,16.8,0.0,68,5.7,3.09,Open-Meteo Forecast API
2026-05-14,A4,-21.933202714845276,-60.69627073270638,14.8,24.2,18.4,1.9,79,8.7,1.84,Open-Meteo Forecast API
2026-05-15,A4,-21.933202714845276,-60.69627073270638,16.2,23.1,19.1,2.5,83,7.1,1.9,Open-Meteo Forecast API
2026-05-16,A4,-21.933202714845276,-60.69627073270638,17.8,21.6,19.4,0.3,78,8.2,1.41,Open-Meteo Forecast API
2026-05-17,A4,-21.933202714845276,-60.69627073270638,15.4,20.5,17.5,0.0,68,12.6,2.62,Open-Meteo Forecast API
2026-05-11,A5,-21.928435279354108,-60.70486209957558,8.0,20.2,13.6,0.0,69,6.5,3.01,Open-Meteo Forecast API
2026-05-12,A5,-21.928435279354108,-60.70486209957558,8.0,20.9,14.2,0.0,72,5.1,2.89,Open-Meteo Forecast API
2026-05-13,A5,-21.928435279354108,-60.70486209957558,10.0,24.0,16.8,0.0,68,5.7,3.09,Open-Meteo Forecast API
2026-05-14,A5,-21.928435279354108,-60.70486209957558,14.8,24.2,18.4,1.9,79,8.7,1.84,Open-Meteo Forecast API
2026-05-15,A5,-21.928435279354108,-60.70486209957558,16.2,23.1,19.1,2.5,83,7.1,1.9,Open-Meteo Forecast API
2026-05-16,A5,-21.928435279354108,-60.70486209957558,17.8,21.6,19.4,0.3,78,8.2,1.41,Open-Meteo Forecast API
2026-05-17,A5,-21.928435279354108,-60.70486209957558,15.4,20.5,17.5,0.0,68,12.6,2.62,Open-Meteo Forecast API
2026-05-11,A6,-21.927734893928832,-60.7109983798964,8.0,20.2,13.6,0.0,69,6.5,3.01,Open-Meteo Forecast API
2026-05-12,A6,-21.927734893928832,-60.7109983798964,8.0,20.9,14.2,0.0,72,5.1,2.89,Open-Meteo Forecast API
2026-05-13,A6,-21.927734893928832,-60.7109983798964,10.0,24.0,16.8,0.0,68,5.7,3.09,Open-Meteo Forecast API
2026-05-14,A6,-21.927734893928832,-60.7109983798964,14.8,24.2,18.4,1.9,79,8.7,1.84,Open-Meteo Forecast API
2026-05-15,A6,-21.927734893928832,-60.7109983798964,16.2,23.1,19.1,2.5,83,7.1,1.9,Open-Meteo Forecast API
2026-05-16,A6,-21.927734893928832,-60.7109983798964,17.8,21.6,19.4,0.3,78,8.2,1.41,Open-Meteo Forecast API
2026-05-17,A6,-21.927734893928832,-60.7109983798964,15.4,20.5,17.5,0.0,68,12.6,2.62,Open-Meteo Forecast API
2026-05-11,A7,-21.92291100950001,-60.71212360079196,8.0,20.2,13.6,0.0,69,6.5,3.01,Open-Meteo Forecast API
2026-05-12,A7,-21.92291100950001,-60.71212360079196,8.0,20.9,14.2,0.0,72,5.1,2.89,Open-Meteo Forecast API
2026-05-13,A7,-21.92291100950001,-60.71212360079196,10.0,24.0,16.8,0.0,68,5.7,3.09,Open-Meteo Forecast API
2026-05-14,A7,-21.92291100950001,-60.71212360079196,14.8,24.2,18.4,1.9,79,8.7,1.84,Open-Meteo Forecast API
2026-05-15,A7,-21.92291100950001,-60.71212360079196,16.2,23.1,19.1,2.5,83,7.1,1.9,Open-Meteo Forecast API
2026-05-16,A7,-21.92291100950001,-60.71212360079196,17.8,21.6,19.4,0.3,78,8.2,1.41,Open-Meteo Forecast API
2026-05-17,A7,-21.92291100950001,-60.71212360079196,15.4,20.5,17.5,0.0,68,12.6,2.62,Open-Meteo Forecast API
2026-05-11,A8,-21.917567192954266,-60.72193884548652,8.0,20.2,13.6,0.0,69,6.5,3.01,Open-Meteo Forecast API
2026-05-12,A8,-21.917567192954266,-60.72193884548652,8.0,20.9,14.2,0.0,72,5.1,2.89,Open-Meteo Forecast API
2026-05-13,A8,-21.917567192954266,-60.72193884548652,10.0,24.0,16.8,0.0,68,5.7,3.09,Open-Meteo Forecast API
2026-05-14,A8,-21.917567192954266,-60.72193884548652,14.8,24.2,18.4,1.9,79,8.7,1.84,Open-Meteo Forecast API
2026-05-15,A8,-21.917567192954266,-60.72193884548652,16.2,23.1,19.1,2.5,83,7.1,1.9,Open-Meteo Forecast API
2026-05-16,A8,-21.917567192954266,-60.72193884548652,17.8,21.6,19.4,0.3,78,8.2,1.41,Open-Meteo Forecast API
2026-05-17,A8,-21.917567192954266,-60.72193884548652,15.4,20.5,17.5,0.0,68,12.6,2.62,Open-Meteo Forecast API
2026-05-11,A9,-21.91215100373517,-60.724964474308216,8.0,19.9,13.6,0.0,69,6.5,2.99,Open-Meteo Forecast API
2026-05-12,A9,-21.91215100373517,-60.724964474308216,8.2,20.5,14.2,0.0,74,4.5,2.84,Open-Meteo Forecast API
2026-05-13,A9,-21.91215100373517,-60.724964474308216,10.1,23.6,16.8,0.0,68,5.9,3.08,Open-Meteo Forecast API
2026-05-14,A9,-21.91215100373517,-60.724964474308216,14.9,23.5,18.4,0.7,79,9.1,1.79,Open-Meteo Forecast API
2026-05-15,A9,-21.91215100373517,-60.724964474308216,16.3,22.9,19.1,3.7,83,7.4,1.89,Open-Meteo Forecast API
2026-05-16,A9,-21.91215100373517,-60.724964474308216,17.5,21.5,19.3,0.3,79,8.5,1.39,Open-Meteo Forecast API
2026-05-17,A9,-21.91215100373517,-60.724964474308216,15.1,20.4,17.5,0.0,68,13.3,2.68,Open-Meteo Forecast API
2026-05-11,B10N,-21.89062863437514,-60.75387098170866,8.0,19.9,13.6,0.0,69,6.5,2.99,Open-Meteo Forecast API
2026-05-12,B10N,-21.89062863437514,-60.75387098170866,8.2,20.5,14.2,0.0,74,4.5,2.84,Open-Meteo Forecast API
2026-05-13,B10N,-21.89062863437514,-60.75387098170866,10.1,23.6,16.8,0.0,68,5.9,3.08,Open-Meteo Forecast API
2026-05-14,B10N,-21.89062863437514,-60.75387098170866,14.9,23.5,18.4,0.7,79,9.1,1.79,Open-Meteo Forecast API
2026-05-15,B10N,-21.89062863437514,-60.75387098170866,16.3,22.9,19.1,3.7,83,7.4,1.89,Open-Meteo Forecast API
2026-05-16,B10N,-21.89062863437514,-60.75387098170866,17.5,21.5,19.3,0.3,79,8.5,1.39,Open-Meteo Forecast API
2026-05-17,B10N,-21.89062863437514,-60.75387098170866,15.1,20.4,17.5,0.0,68,13.3,2.68,Open-Meteo Forecast API
2026-05-11,B10S,-21.896064350132324,-60.75564746034746,8.0,19.9,13.6,0.0,69,6.5,2.99,Open-Meteo Forecast API
2026-05-12,B10S,-21.896064350132324,-60.75564746034746,8.2,20.5,14.2,0.0,74,4.5,2.84,Open-Meteo Forecast API
2026-05-13,B10S,-21.896064350132324,-60.75564746034746,10.1,23.6,16.8,0.0,68,5.9,3.08,Open-Meteo Forecast API
2026-05-14,B10S,-21.896064350132324,-60.75564746034746,14.9,23.5,18.4,0.7,79,9.1,1.79,Open-Meteo Forecast API
2026-05-15,B10S,-21.896064350132324,-60.75564746034746,16.3,22.9,19.1,3.7,83,7.4,1.89,Open-Meteo Forecast API
2026-05-16,B10S,-21.896064350132324,-60.75564746034746,17.5,21.5,19.3,0.3,79,8.5,1.39,Open-Meteo Forecast API
2026-05-17,B10S,-21.896064350132324,-60.75564746034746,15.1,20.4,17.5,0.0,68,13.3,2.68,Open-Meteo Forecast API
2026-05-11,B11,-21.884058199281306,-60.697103186591676,8.0,20.2,13.6,0.0,69,6.5,3.01,Open-Meteo Forecast API
2026-05-12,B11,-21.884058199281306,-60.697103186591676,8.0,20.9,14.2,0.0,72,5.1,2.89,Open-Meteo Forecast API
2026-05-13,B11,-21.884058199281306,-60.697103186591676,10.0,24.0,16.8,0.0,68,5.7,3.09,Open-Meteo Forecast API
2026-05-14,B11,-21.884058199281306,-60.697103186591676,14.8,24.2,18.4,1.9,79,8.7,1.84,Open-Meteo Forecast API
2026-05-15,B11,-21.884058199281306,-60.697103186591676,16.2,23.1,19.1,2.5,83,7.1,1.9,Open-Meteo Forecast API
2026-05-16,B11,-21.884058199281306,-60.697103186591676,17.8,21.6,19.4,0.3,78,8.2,1.41,Open-Meteo Forecast API
2026-05-17,B11,-21.884058199281306,-60.697103186591676,15.4,20.5,17.5,0.0,68,12.6,2.62,Open-Meteo Forecast API
2026-05-11,B12,-21.884371191711043,-60.71893058732701,8.0,20.2,13.6,0.0,69,6.5,3.01,Open-Meteo Forecast API
2026-05-12,B12,-21.884371191711043,-60.71893058732701,8.0,20.9,14.2,0.0,72,5.1,2.89,Open-Meteo Forecast API
2026-05-13,B12,-21.884371191711043,-60.71893058732701,10.0,24.0,16.8,0.0,68,5.7,3.09,Open-Meteo Forecast API
2026-05-14,B12,-21.884371191711043,-60.71893058732701,14.8,24.2,18.4,1.9,79,8.7,1.84,Open-Meteo Forecast API
2026-05-15,B12,-21.884371191711043,-60.71893058732701,16.2,23.1,19.1,2.5,83,7.1,1.9,Open-Meteo Forecast API
2026-05-16,B12,-21.884371191711043,-60.71893058732701,17.8,21.6,19.4,0.3,78,8.2,1.41,Open-Meteo Forecast API
2026-05-17,B12,-21.884371191711043,-60.71893058732701,15.4,20.5,17.5,0.0,68,12.6,2.62,Open-Meteo Forecast API
2026-05-11,B13,-21.883284184309755,-60.736146838942545,8.0,19.9,13.6,0.0,69,6.5,2.99,Open-Meteo Forecast API
2026-05-12,B13,-21.883284184309755,-60.736146838942545,8.2,20.5,14.2,0.0,74,4.5,2.84,Open-Meteo Forecast API
2026-05-13,B13,-21.883284184309755,-60.736146838942545,10.1,23.6,16.8,0.0,68,5.9,3.08,Open-Meteo Forecast API
2026-05-14,B13,-21.883284184309755,-60.736146838942545,14.9,23.5,18.4,0.7,79,9.1,1.79,Open-Meteo Forecast API
2026-05-15,B13,-21.883284184309755,-60.736146838942545,16.3,22.9,19.1,3.7,83,7.4,1.89,Open-Meteo Forecast API
2026-05-16,B13,-21.883284184309755,-60.736146838942545,17.5,21.5,19.3,0.3,79,8.5,1.39,Open-Meteo Forecast API
2026-05-17,B13,-21.883284184309755,-60.736146838942545,15.1,20.4,17.5,0.0,68,13.3,2.68,Open-Meteo Forecast API
2026-05-11,B14,-21.883313107597722,-60.75563060519811,8.0,19.9,13.6,0.0,69,6.5,2.99,Open-Meteo Forecast API
2026-05-12,B14,-21.883313107597722,-60.75563060519811,8.2,20.5,14.2,0.0,74,4.5,2.84,Open-Meteo Forecast API
2026-05-13,B14,-21.883313107597722,-60.75563060519811,10.1,23.6,16.8,0.0,68,5.9,3.08,Open-Meteo Forecast API
2026-05-14,B14,-21.883313107597722,-60.75563060519811,14.9,23.5,18.4,0.7,79,9.1,1.79,Open-Meteo Forecast API
2026-05-15,B14,-21.883313107597722,-60.75563060519811,16.3,22.9,19.1,3.7,83,7.4,1.89,Open-Meteo Forecast API
2026-05-16,B14,-21.883313107597722,-60.75563060519811,17.5,21.5,19.3,0.3,79,8.5,1.39,Open-Meteo Forecast API
2026-05-17,B14,-21.883313107597722,-60.75563060519811,15.1,20.4,17.5,0.0,68,13.3,2.68,Open-Meteo Forecast API
2026-05-11,B6,-21.894047260779338,-60.695014560564196,8.0,20.2,13.6,0.0,69,6.5,3.01,Open-Meteo Forecast API
2026-05-12,B6,-21.894047260779338,-60.695014560564196,8.0,20.9,14.2,0.0,72,5.1,2.89,Open-Meteo Forecast API
2026-05-13,B6,-21.894047260779338,-60.695014560564196,10.0,24.0,16.8,0.0,68,5.7,3.09,Open-Meteo Forecast API
2026-05-14,B6,-21.894047260779338,-60.695014560564196,14.8,24.2,18.4,1.9,79,8.7,1.84,Open-Meteo Forecast API
2026-05-15,B6,-21.894047260779338,-60.695014560564196,16.2,23.1,19.1,2.5,83,7.1,1.9,Open-Meteo Forecast API
2026-05-16,B6,-21.894047260779338,-60.695014560564196,17.8,21.6,19.4,0.3,78,8.2,1.41,Open-Meteo Forecast API
2026-05-17,B6,-21.894047260779338,-60.695014560564196,15.4,20.5,17.5,0.0,68,12.6,2.62,Open-Meteo Forecast API
2026-05-11,B7,-21.88980310805179,-60.69980079258045,8.0,20.2,13.6,0.0,69,6.5,3.01,Open-Meteo Forecast API
2026-05-12,B7,-21.88980310805179,-60.69980079258045,8.0,20.9,14.2,0.0,72,5.1,2.89,Open-Meteo Forecast API
2026-05-13,B7,-21.88980310805179,-60.69980079258045,10.0,24.0,16.8,0.0,68,5.7,3.09,Open-Meteo Forecast API
2026-05-14,B7,-21.88980310805179,-60.69980079258045,14.8,24.2,18.4,1.9,79,8.7,1.84,Open-Meteo Forecast API
2026-05-15,B7,-21.88980310805179,-60.69980079258045,16.2,23.1,19.1,2.5,83,7.1,1.9,Open-Meteo Forecast API
2026-05-16,B7,-21.88980310805179,-60.69980079258045,17.8,21.6,19.4,0.3,78,8.2,1.41,Open-Meteo Forecast API
2026-05-17,B7,-21.88980310805179,-60.69980079258045,15.4,20.5,17.5,0.0,68,12.6,2.62,Open-Meteo Forecast API
2026-05-11,B8,-21.887960641544765,-60.716717912726295,8.0,20.2,13.6,0.0,69,6.5,3.01,Open-Meteo Forecast API
2026-05-12,B8,-21.887960641544765,-60.716717912726295,8.0,20.9,14.2,0.0,72,5.1,2.89,Open-Meteo Forecast API
2026-05-13,B8,-21.887960641544765,-60.716717912726295,10.0,24.0,16.8,0.0,68,5.7,3.09,Open-Meteo Forecast API
2026-05-14,B8,-21.887960641544765,-60.716717912726295,14.8,24.2,18.4,1.9,79,8.7,1.84,Open-Meteo Forecast API
2026-05-15,B8,-21.887960641544765,-60.716717912726295,16.2,23.1,19.1,2.5,83,7.1,1.9,Open-Meteo Forecast API
2026-05-16,B8,-21.887960641544765,-60.716717912726295,17.8,21.6,19.4,0.3,78,8.2,1.41,Open-Meteo Forecast API
2026-05-17,B8,-21.887960641544765,-60.716717912726295,15.4,20.5,17.5,0.0,68,12.6,2.62,Open-Meteo Forecast API
2026-05-11,B9,-21.888611842537646,-60.73579142701997,8.0,19.9,13.6,0.0,69,6.5,2.99,Open-Meteo Forecast API
2026-05-12,B9,-21.888611842537646,-60.73579142701997,8.2,20.5,14.2,0.0,74,4.5,2.84,Open-Meteo Forecast API
2026-05-13,B9,-21.888611842537646,-60.73579142701997,10.1,23.6,16.8,0.0,68,5.9,3.08,Open-Meteo Forecast API
2026-05-14,B9,-21.888611842537646,-60.73579142701997,14.9,23.5,18.4,0.7,79,9.1,1.79,Open-Meteo Forecast API
2026-05-15,B9,-21.888611842537646,-60.73579142701997,16.3,22.9,19.1,3.7,83,7.4,1.89,Open-Meteo Forecast API
2026-05-16,B9,-21.888611842537646,-60.73579142701997,17.5,21.5,19.3,0.3,79,8.5,1.39,Open-Meteo Forecast API
2026-05-17,B9,-21.888611842537646,-60.73579142701997,15.1,20.4,17.5,0.0,68,13.3,2.68,Open-Meteo Forecast API
2026-05-11,C1,-21.878636468064986,-60.68102758529202,8.0,20.2,13.6,0.0,69,6.5,3.01,Open-Meteo Forecast API
2026-05-12,C1,-21.878636468064986,-60.68102758529202,8.0,20.9,14.2,0.0,72,5.1,2.89,Open-Meteo Forecast API
2026-05-13,C1,-21.878636468064986,-60.68102758529202,10.0,24.0,16.8,0.0,68,5.7,3.09,Open-Meteo Forecast API
2026-05-14,C1,-21.878636468064986,-60.68102758529202,14.8,24.2,18.4,1.9,79,8.7,1.84,Open-Meteo Forecast API
2026-05-15,C1,-21.878636468064986,-60.68102758529202,16.2,23.1,19.1,2.5,83,7.1,1.9,Open-Meteo Forecast API
2026-05-16,C1,-21.878636468064986,-60.68102758529202,17.8,21.6,19.4,0.3,78,8.2,1.41,Open-Meteo Forecast API
2026-05-17,C1,-21.878636468064986,-60.68102758529202,15.4,20.5,17.5,0.0,68,12.6,2.62,Open-Meteo Forecast API
2026-05-11,C10,-21.873241236913533,-60.755569319417546,8.0,19.9,13.6,0.0,69,6.5,2.99,Open-Meteo Forecast API
2026-05-12,C10,-21.873241236913533,-60.755569319417546,8.2,20.5,14.2,0.0,74,4.5,2.84,Open-Meteo Forecast API
2026-05-13,C10,-21.873241236913533,-60.755569319417546,10.1,23.6,16.8,0.0,68,5.9,3.08,Open-Meteo Forecast API
2026-05-14,C10,-21.873241236913533,-60.755569319417546,14.9,23.5,18.4,0.7,79,9.1,1.79,Open-Meteo Forecast API
2026-05-15,C10,-21.873241236913533,-60.755569319417546,16.3,22.9,19.1,3.7,83,7.4,1.89,Open-Meteo Forecast API
2026-05-16,C10,-21.873241236913533,-60.755569319417546,17.5,21.5,19.3,0.3,79,8.5,1.39,Open-Meteo Forecast API
2026-05-17,C10,-21.873241236913533,-60.755569319417546,15.1,20.4,17.5,0.0,68,13.3,2.68,Open-Meteo Forecast API
2026-05-11,C11,-21.86735082336232,-60.67924542109149,8.0,20.2,13.6,0.0,69,6.5,3.01,Open-Meteo Forecast API
2026-05-12,C11,-21.86735082336232,-60.67924542109149,8.0,20.9,14.2,0.0,72,5.1,2.89,Open-Meteo Forecast API
2026-05-13,C11,-21.86735082336232,-60.67924542109149,10.0,24.0,16.8,0.0,68,5.7,3.09,Open-Meteo Forecast API
2026-05-14,C11,-21.86735082336232,-60.67924542109149,14.8,24.2,18.4,1.9,79,8.7,1.84,Open-Meteo Forecast API
2026-05-15,C11,-21.86735082336232,-60.67924542109149,16.2,23.1,19.1,2.5,83,7.1,1.9,Open-Meteo Forecast API
2026-05-16,C11,-21.86735082336232,-60.67924542109149,17.8,21.6,19.4,0.3,78,8.2,1.41,Open-Meteo Forecast API
2026-05-17,C11,-21.86735082336232,-60.67924542109149,15.4,20.5,17.5,0.0,68,12.6,2.62,Open-Meteo Forecast API
2026-05-11,C12,-21.86688505282719,-60.69713417591488,8.0,20.2,13.6,0.0,69,6.5,3.01,Open-Meteo Forecast API
2026-05-12,C12,-21.86688505282719,-60.69713417591488,8.0,20.9,14.2,0.0,72,5.1,2.89,Open-Meteo Forecast API
2026-05-13,C12,-21.86688505282719,-60.69713417591488,10.0,24.0,16.8,0.0,68,5.7,3.09,Open-Meteo Forecast API
2026-05-14,C12,-21.86688505282719,-60.69713417591488,14.8,24.2,18.4,1.9,79,8.7,1.84,Open-Meteo Forecast API
2026-05-15,C12,-21.86688505282719,-60.69713417591488,16.2,23.1,19.1,2.5,83,7.1,1.9,Open-Meteo Forecast API
2026-05-16,C12,-21.86688505282719,-60.69713417591488,17.8,21.6,19.4,0.3,78,8.2,1.41,Open-Meteo Forecast API
2026-05-17,C12,-21.86688505282719,-60.69713417591488,15.4,20.5,17.5,0.0,68,12.6,2.62,Open-Meteo Forecast API
2026-05-11,C13,-21.86687755327291,-60.71746578177998,7.8,20.1,13.6,0.0,70,6.0,2.96,Open-Meteo Forecast API
2026-05-12,C13,-21.86687755327291,-60.71746578177998,8.0,20.5,14.1,0.0,73,4.7,2.8,Open-Meteo Forecast API
2026-05-13,C13,-21.86687755327291,-60.71746578177998,10.4,24.0,16.8,0.0,69,5.7,3.05,Open-Meteo Forecast API
2026-05-14,C13,-21.86687755327291,-60.71746578177998,14.8,24.6,18.6,2.3,80,8.7,1.94,Open-Meteo Forecast API
2026-05-15,C13,-21.86687755327291,-60.71746578177998,16.2,22.9,19.2,2.8,83,7.0,1.9,Open-Meteo Forecast API
2026-05-16,C13,-21.86687755327291,-60.71746578177998,17.8,21.5,19.3,0.3,80,8.3,1.33,Open-Meteo Forecast API
2026-05-17,C13,-21.86687755327291,-60.71746578177998,15.4,20.2,17.5,0.0,69,12.9,2.6,Open-Meteo Forecast API
2026-05-11,C14,-21.867795728294745,-60.74155754673584,8.0,19.9,13.6,0.0,69,6.5,2.99,Open-Meteo Forecast API
2026-05-12,C14,-21.867795728294745,-60.74155754673584,8.2,20.5,14.2,0.0,74,4.5,2.84,Open-Meteo Forecast API
2026-05-13,C14,-21.867795728294745,-60.74155754673584,10.1,23.6,16.8,0.0,68,5.9,3.08,Open-Meteo Forecast API
2026-05-14,C14,-21.867795728294745,-60.74155754673584,14.9,23.5,18.4,0.7,79,9.1,1.79,Open-Meteo Forecast API
2026-05-15,C14,-21.867795728294745,-60.74155754673584,16.3,22.9,19.1,3.7,83,7.4,1.89,Open-Meteo Forecast API
2026-05-16,C14,-21.867795728294745,-60.74155754673584,17.5,21.5,19.3,0.3,79,8.5,1.39,Open-Meteo Forecast API
2026-05-17,C14,-21.867795728294745,-60.74155754673584,15.1,20.4,17.5,0.0,68,13.3,2.68,Open-Meteo Forecast API
2026-05-11,C15,-21.86779311127511,-60.75557000116794,8.0,19.9,13.6,0.0,69,6.5,2.99,Open-Meteo Forecast API
2026-05-12,C15,-21.86779311127511,-60.75557000116794,8.2,20.5,14.2,0.0,74,4.5,2.84,Open-Meteo Forecast API
2026-05-13,C15,-21.86779311127511,-60.75557000116794,10.1,23.6,16.8,0.0,68,5.9,3.08,Open-Meteo Forecast API
2026-05-14,C15,-21.86779311127511,-60.75557000116794,14.9,23.5,18.4,0.7,79,9.1,1.79,Open-Meteo Forecast API
2026-05-15,C15,-21.86779311127511,-60.75557000116794,16.3,22.9,19.1,3.7,83,7.4,1.89,Open-Meteo Forecast API
2026-05-16,C15,-21.86779311127511,-60.75557000116794,17.5,21.5,19.3,0.3,79,8.5,1.39,Open-Meteo Forecast API
2026-05-17,C15,-21.86779311127511,-60.75557000116794,15.1,20.4,17.5,0.0,68,13.3,2.68,Open-Meteo Forecast API
2026-05-11,C16,-21.86236776557974,-60.68310186685612,8.0,20.2,13.6,0.0,69,6.5,3.01,Open-Meteo Forecast API
2026-05-12,C16,-21.86236776557974,-60.68310186685612,8.0,20.9,14.2,0.0,72,5.1,2.89,Open-Meteo Forecast API
2026-05-13,C16,-21.86236776557974,-60.68310186685612,10.0,24.0,16.8,0.0,68,5.7,3.09,Open-Meteo Forecast API
2026-05-14,C16,-21.86236776557974,-60.68310186685612,14.8,24.2,18.4,1.9,79,8.7,1.84,Open-Meteo Forecast API
2026-05-15,C16,-21.86236776557974,-60.68310186685612,16.2,23.1,19.1,2.5,83,7.1,1.9,Open-Meteo Forecast API
2026-05-16,C16,-21.86236776557974,-60.68310186685612,17.8,21.6,19.4,0.3,78,8.2,1.41,Open-Meteo Forecast API
2026-05-17,C16,-21.86236776557974,-60.68310186685612,15.4,20.5,17.5,0.0,68,12.6,2.62,Open-Meteo Forecast API
2026-05-11,C17,-21.86148750476511,-60.697135842755884,7.8,20.1,13.6,0.0,70,6.0,2.96,Open-Meteo Forecast API
2026-05-12,C17,-21.86148750476511,-60.697135842755884,8.0,20.5,14.1,0.0,73,4.7,2.8,Open-Meteo Forecast API
2026-05-13,C17,-21.86148750476511,-60.697135842755884,10.4,24.0,16.8,0.0,69,5.7,3.05,Open-Meteo Forecast API
2026-05-14,C17,-21.86148750476511,-60.697135842755884,14.8,24.6,18.6,2.3,80,8.7,1.94,Open-Meteo Forecast API
2026-05-15,C17,-21.86148750476511,-60.697135842755884,16.2,22.9,19.2,2.8,83,7.0,1.9,Open-Meteo Forecast API
2026-05-16,C17,-21.86148750476511,-60.697135842755884,17.8,21.5,19.3,0.3,80,8.3,1.33,Open-Meteo Forecast API
2026-05-17,C17,-21.86148750476511,-60.697135842755884,15.4,20.2,17.5,0.0,69,12.9,2.6,Open-Meteo Forecast API
2026-05-11,C18,-21.86149381834019,-60.71748119053749,7.8,20.1,13.6,0.0,70,6.0,2.96,Open-Meteo Forecast API
2026-05-12,C18,-21.86149381834019,-60.71748119053749,8.0,20.5,14.1,0.0,73,4.7,2.8,Open-Meteo Forecast API
2026-05-13,C18,-21.86149381834019,-60.71748119053749,10.4,24.0,16.8,0.0,69,5.7,3.05,Open-Meteo Forecast API
2026-05-14,C18,-21.86149381834019,-60.71748119053749,14.8,24.6,18.6,2.3,80,8.7,1.94,Open-Meteo Forecast API
2026-05-15,C18,-21.86149381834019,-60.71748119053749,16.2,22.9,19.2,2.8,83,7.0,1.9,Open-Meteo Forecast API
2026-05-16,C18,-21.86149381834019,-60.71748119053749,17.8,21.5,19.3,0.3,80,8.3,1.33,Open-Meteo Forecast API
2026-05-17,C18,-21.86149381834019,-60.71748119053749,15.4,20.2,17.5,0.0,69,12.9,2.6,Open-Meteo Forecast API
2026-05-11,C19,-21.862382520604605,-60.741541040671635,8.0,19.9,13.6,0.0,69,6.5,2.99,Open-Meteo Forecast API
2026-05-12,C19,-21.862382520604605,-60.741541040671635,8.2,20.5,14.2,0.0,74,4.5,2.84,Open-Meteo Forecast API
2026-05-13,C19,-21.862382520604605,-60.741541040671635,10.1,23.6,16.8,0.0,68,5.9,3.08,Open-Meteo Forecast API
2026-05-14,C19,-21.862382520604605,-60.741541040671635,14.9,23.5,18.4,0.7,79,9.1,1.79,Open-Meteo Forecast API
2026-05-15,C19,-21.862382520604605,-60.741541040671635,16.3,22.9,19.1,3.7,83,7.4,1.89,Open-Meteo Forecast API
2026-05-16,C19,-21.862382520604605,-60.741541040671635,17.5,21.5,19.3,0.3,79,8.5,1.39,Open-Meteo Forecast API
2026-05-17,C19,-21.862382520604605,-60.741541040671635,15.1,20.4,17.5,0.0,68,13.3,2.68,Open-Meteo Forecast API
2026-05-11,C2,-21.877735088516282,-60.69713787954707,8.0,20.2,13.6,0.0,69,6.5,3.01,Open-Meteo Forecast API
2026-05-12,C2,-21.877735088516282,-60.69713787954707,8.0,20.9,14.2,0.0,72,5.1,2.89,Open-Meteo Forecast API
2026-05-13,C2,-21.877735088516282,-60.69713787954707,10.0,24.0,16.8,0.0,68,5.7,3.09,Open-Meteo Forecast API
2026-05-14,C2,-21.877735088516282,-60.69713787954707,14.8,24.2,18.4,1.9,79,8.7,1.84,Open-Meteo Forecast API
2026-05-15,C2,-21.877735088516282,-60.69713787954707,16.2,23.1,19.1,2.5,83,7.1,1.9,Open-Meteo Forecast API
2026-05-16,C2,-21.877735088516282,-60.69713787954707,17.8,21.6,19.4,0.3,78,8.2,1.41,Open-Meteo Forecast API
2026-05-17,C2,-21.877735088516282,-60.69713787954707,15.4,20.5,17.5,0.0,68,12.6,2.62,Open-Meteo Forecast API
2026-05-11,C20,-21.862374269060304,-60.75557066375161,8.0,19.9,13.6,0.0,69,6.5,2.99,Open-Meteo Forecast API
2026-05-12,C20,-21.862374269060304,-60.75557066375161,8.2,20.5,14.2,0.0,74,4.5,2.84,Open-Meteo Forecast API
2026-05-13,C20,-21.862374269060304,-60.75557066375161,10.1,23.6,16.8,0.0,68,5.9,3.08,Open-Meteo Forecast API
2026-05-14,C20,-21.862374269060304,-60.75557066375161,14.9,23.5,18.4,0.7,79,9.1,1.79,Open-Meteo Forecast API
2026-05-15,C20,-21.862374269060304,-60.75557066375161,16.3,22.9,19.1,3.7,83,7.4,1.89,Open-Meteo Forecast API
2026-05-16,C20,-21.862374269060304,-60.75557066375161,17.5,21.5,19.3,0.3,79,8.5,1.39,Open-Meteo Forecast API
2026-05-17,C20,-21.862374269060304,-60.75557066375161,15.1,20.4,17.5,0.0,68,13.3,2.68,Open-Meteo Forecast API
2026-05-11,C21,-21.857011568577068,-60.73767205403256,7.8,20.1,13.6,0.0,70,6.0,2.96,Open-Meteo Forecast API
2026-05-12,C21,-21.857011568577068,-60.73767205403256,8.0,20.5,14.1,0.0,73,4.7,2.8,Open-Meteo Forecast API
2026-05-13,C21,-21.857011568577068,-60.73767205403256,10.4,24.0,16.8,0.0,69,5.7,3.05,Open-Meteo Forecast API
2026-05-14,C21,-21.857011568577068,-60.73767205403256,14.8,24.6,18.6,2.3,80,8.7,1.94,Open-Meteo Forecast API
2026-05-15,C21,-21.857011568577068,-60.73767205403256,16.2,22.9,19.2,2.8,83,7.0,1.9,Open-Meteo Forecast API
2026-05-16,C21,-21.857011568577068,-60.73767205403256,17.8,21.5,19.3,0.3,80,8.3,1.33,Open-Meteo Forecast API
2026-05-17,C21,-21.857011568577068,-60.73767205403256,15.4,20.2,17.5,0.0,69,12.9,2.6,Open-Meteo Forecast API
2026-05-11,C22,-21.85698038072205,-60.75381269764107,8.0,19.9,13.6,0.0,69,6.5,2.99,Open-Meteo Forecast API
2026-05-12,C22,-21.85698038072205,-60.75381269764107,8.2,20.5,14.2,0.0,74,4.5,2.84,Open-Meteo Forecast API
2026-05-13,C22,-21.85698038072205,-60.75381269764107,10.1,23.6,16.8,0.0,68,5.9,3.08,Open-Meteo Forecast API
2026-05-14,C22,-21.85698038072205,-60.75381269764107,14.9,23.5,18.4,0.7,79,9.1,1.79,Open-Meteo Forecast API
2026-05-15,C22,-21.85698038072205,-60.75381269764107,16.3,22.9,19.1,3.7,83,7.4,1.89,Open-Meteo Forecast API
2026-05-16,C22,-21.85698038072205,-60.75381269764107,17.5,21.5,19.3,0.3,79,8.5,1.39,Open-Meteo Forecast API
2026-05-17,C22,-21.85698038072205,-60.75381269764107,15.1,20.4,17.5,0.0,68,13.3,2.68,Open-Meteo Forecast API
2026-05-11,C3,-21.87772915099961,-60.71743469243476,8.0,20.2,13.6,0.0,69,6.5,3.01,Open-Meteo Forecast API
2026-05-12,C3,-21.87772915099961,-60.71743469243476,8.0,20.9,14.2,0.0,72,5.1,2.89,Open-Meteo Forecast API
2026-05-13,C3,-21.87772915099961,-60.71743469243476,10.0,24.0,16.8,0.0,68,5.7,3.09,Open-Meteo Forecast API
2026-05-14,C3,-21.87772915099961,-60.71743469243476,14.8,24.2,18.4,1.9,79,8.7,1.84,Open-Meteo Forecast API
2026-05-15,C3,-21.87772915099961,-60.71743469243476,16.2,23.1,19.1,2.5,83,7.1,1.9,Open-Meteo Forecast API
2026-05-16,C3,-21.87772915099961,-60.71743469243476,17.8,21.6,19.4,0.3,78,8.2,1.41,Open-Meteo Forecast API
2026-05-17,C3,-21.87772915099961,-60.71743469243476,15.4,20.5,17.5,0.0,68,12.6,2.62,Open-Meteo Forecast API
2026-05-11,C4,-21.878899965334195,-60.74174920729081,8.0,19.9,13.6,0.0,69,6.5,2.99,Open-Meteo Forecast API
2026-05-12,C4,-21.878899965334195,-60.74174920729081,8.2,20.5,14.2,0.0,74,4.5,2.84,Open-Meteo Forecast API
2026-05-13,C4,-21.878899965334195,-60.74174920729081,10.1,23.6,16.8,0.0,68,5.9,3.08,Open-Meteo Forecast API
2026-05-14,C4,-21.878899965334195,-60.74174920729081,14.9,23.5,18.4,0.7,79,9.1,1.79,Open-Meteo Forecast API
2026-05-15,C4,-21.878899965334195,-60.74174920729081,16.3,22.9,19.1,3.7,83,7.4,1.89,Open-Meteo Forecast API
2026-05-16,C4,-21.878899965334195,-60.74174920729081,17.5,21.5,19.3,0.3,79,8.5,1.39,Open-Meteo Forecast API
2026-05-17,C4,-21.878899965334195,-60.74174920729081,15.1,20.4,17.5,0.0,68,13.3,2.68,Open-Meteo Forecast API
2026-05-11,C5,-21.87864714765515,-60.75556862432975,8.0,19.9,13.6,0.0,69,6.5,2.99,Open-Meteo Forecast API
2026-05-12,C5,-21.87864714765515,-60.75556862432975,8.2,20.5,14.2,0.0,74,4.5,2.84,Open-Meteo Forecast API
2026-05-13,C5,-21.87864714765515,-60.75556862432975,10.1,23.6,16.8,0.0,68,5.9,3.08,Open-Meteo Forecast API
2026-05-14,C5,-21.87864714765515,-60.75556862432975,14.9,23.5,18.4,0.7,79,9.1,1.79,Open-Meteo Forecast API
2026-05-15,C5,-21.87864714765515,-60.75556862432975,16.3,22.9,19.1,3.7,83,7.4,1.89,Open-Meteo Forecast API
2026-05-16,C5,-21.87864714765515,-60.75556862432975,17.5,21.5,19.3,0.3,79,8.5,1.39,Open-Meteo Forecast API
2026-05-17,C5,-21.87864714765515,-60.75556862432975,15.1,20.4,17.5,0.0,68,13.3,2.68,Open-Meteo Forecast API
2026-05-11,C6,-21.873197379422958,-60.68105729995695,8.0,20.2,13.6,0.0,69,6.5,3.01,Open-Meteo Forecast API
2026-05-12,C6,-21.873197379422958,-60.68105729995695,8.0,20.9,14.2,0.0,72,5.1,2.89,Open-Meteo Forecast API
2026-05-13,C6,-21.873197379422958,-60.68105729995695,10.0,24.0,16.8,0.0,68,5.7,3.09,Open-Meteo Forecast API
2026-05-14,C6,-21.873197379422958,-60.68105729995695,14.8,24.2,18.4,1.9,79,8.7,1.84,Open-Meteo Forecast API
2026-05-15,C6,-21.873197379422958,-60.68105729995695,16.2,23.1,19.1,2.5,83,7.1,1.9,Open-Meteo Forecast API
2026-05-16,C6,-21.873197379422958,-60.68105729995695,17.8,21.6,19.4,0.3,78,8.2,1.41,Open-Meteo Forecast API
2026-05-17,C6,-21.873197379422958,-60.68105729995695,15.4,20.5,17.5,0.0,68,12.6,2.62,Open-Meteo Forecast API
2026-05-11,C7,-21.872301617426746,-60.69713247584222,8.0,20.2,13.6,0.0,69,6.5,3.01,Open-Meteo Forecast API
2026-05-12,C7,-21.872301617426746,-60.69713247584222,8.0,20.9,14.2,0.0,72,5.1,2.89,Open-Meteo Forecast API
2026-05-13,C7,-21.872301617426746,-60.69713247584222,10.0,24.0,16.8,0.0,68,5.7,3.09,Open-Meteo Forecast API
2026-05-14,C7,-21.872301617426746,-60.69713247584222,14.8,24.2,18.4,1.9,79,8.7,1.84,Open-Meteo Forecast API
2026-05-15,C7,-21.872301617426746,-60.69713247584222,16.2,23.1,19.1,2.5,83,7.1,1.9,Open-Meteo Forecast API
2026-05-16,C7,-21.872301617426746,-60.69713247584222,17.8,21.6,19.4,0.3,78,8.2,1.41,Open-Meteo Forecast API
2026-05-17,C7,-21.872301617426746,-60.69713247584222,15.4,20.5,17.5,0.0,68,12.6,2.62,Open-Meteo Forecast API
2026-05-11,C8,-21.87231810845719,-60.717450189078384,7.8,20.1,13.6,0.0,70,6.0,2.96,Open-Meteo Forecast API
2026-05-12,C8,-21.87231810845719,-60.717450189078384,8.0,20.5,14.1,0.0,73,4.7,2.8,Open-Meteo Forecast API
2026-05-13,C8,-21.87231810845719,-60.717450189078384,10.4,24.0,16.8,0.0,69,5.7,3.05,Open-Meteo Forecast API
2026-05-14,C8,-21.87231810845719,-60.717450189078384,14.8,24.6,18.6,2.3,80,8.7,1.94,Open-Meteo Forecast API
2026-05-15,C8,-21.87231810845719,-60.717450189078384,16.2,22.9,19.2,2.8,83,7.0,1.9,Open-Meteo Forecast API
2026-05-16,C8,-21.87231810845719,-60.717450189078384,17.8,21.5,19.3,0.3,80,8.3,1.33,Open-Meteo Forecast API
2026-05-17,C8,-21.87231810845719,-60.717450189078384,15.4,20.2,17.5,0.0,69,12.9,2.6,Open-Meteo Forecast API
2026-05-11,C9,-21.872500594467606,-60.74227830406475,8.0,19.9,13.6,0.0,69,6.5,2.99,Open-Meteo Forecast API
2026-05-12,C9,-21.872500594467606,-60.74227830406475,8.2,20.5,14.2,0.0,74,4.5,2.84,Open-Meteo Forecast API
2026-05-13,C9,-21.872500594467606,-60.74227830406475,10.1,23.6,16.8,0.0,68,5.9,3.08,Open-Meteo Forecast API
2026-05-14,C9,-21.872500594467606,-60.74227830406475,14.9,23.5,18.4,0.7,79,9.1,1.79,Open-Meteo Forecast API
2026-05-15,C9,-21.872500594467606,-60.74227830406475,16.3,22.9,19.1,3.7,83,7.4,1.89,Open-Meteo Forecast API
2026-05-16,C9,-21.872500594467606,-60.74227830406475,17.5,21.5,19.3,0.3,79,8.5,1.39,Open-Meteo Forecast API
2026-05-17,C9,-21.872500594467606,-60.74227830406475,15.1,20.4,17.5,0.0,68,13.3,2.68,Open-Meteo Forecast API
2026-05-11,CONFI,-21.845056515608267,-60.684848656640064,7.8,20.1,13.6,0.0,70,6.0,2.96,Open-Meteo Forecast API
2026-05-12,CONFI,-21.845056515608267,-60.684848656640064,8.0,20.5,14.1,0.0,73,4.7,2.8,Open-Meteo Forecast API
2026-05-13,CONFI,-21.845056515608267,-60.684848656640064,10.4,24.0,16.8,0.0,69,5.7,3.05,Open-Meteo Forecast API
2026-05-14,CONFI,-21.845056515608267,-60.684848656640064,14.8,24.6,18.6,2.3,80,8.7,1.94,Open-Meteo Forecast API
2026-05-15,CONFI,-21.845056515608267,-60.684848656640064,16.2,22.9,19.2,2.8,83,7.0,1.9,Open-Meteo Forecast API
2026-05-16,CONFI,-21.845056515608267,-60.684848656640064,17.8,21.5,19.3,0.3,80,8.3,1.33,Open-Meteo Forecast API
2026-05-17,CONFI,-21.845056515608267,-60.684848656640064,15.4,20.2,17.5,0.0,69,12.9,2.6,Open-Meteo Forecast API
2026-05-11,D1,-21.87858635814544,-60.647271093652556,8.0,20.2,13.6,0.0,69,6.5,3.01,Open-Meteo Forecast API
2026-05-12,D1,-21.87858635814544,-60.647271093652556,8.0,20.9,14.2,0.0,72,5.1,2.89,Open-Meteo Forecast API
2026-05-13,D1,-21.87858635814544,-60.647271093652556,10.0,24.0,16.8,0.0,68,5.7,3.09,Open-Meteo Forecast API
2026-05-14,D1,-21.87858635814544,-60.647271093652556,14.8,24.2,18.4,1.9,79,8.7,1.84,Open-Meteo Forecast API
2026-05-15,D1,-21.87858635814544,-60.647271093652556,16.2,23.1,19.1,2.5,83,7.1,1.9,Open-Meteo Forecast API
2026-05-16,D1,-21.87858635814544,-60.647271093652556,17.8,21.6,19.4,0.3,78,8.2,1.41,Open-Meteo Forecast API
2026-05-17,D1,-21.87858635814544,-60.647271093652556,15.4,20.5,17.5,0.0,68,12.6,2.62,Open-Meteo Forecast API
2026-05-11,D10,-21.8515092900752,-60.64724393833374,7.8,20.2,13.5,0.0,70,6.3,2.97,Open-Meteo Forecast API
2026-05-12,D10,-21.8515092900752,-60.64724393833374,7.9,20.8,14.1,0.0,72,4.6,2.81,Open-Meteo Forecast API
2026-05-13,D10,-21.8515092900752,-60.64724393833374,9.9,24.0,16.7,0.0,69,5.5,3.04,Open-Meteo Forecast API
2026-05-14,D10,-21.8515092900752,-60.64724393833374,14.6,25.0,18.6,3.3,81,8.0,1.96,Open-Meteo Forecast API
2026-05-15,D10,-21.8515092900752,-60.64724393833374,16.2,23.1,19.1,1.8,84,6.7,1.86,Open-Meteo Forecast API
2026-05-16,D10,-21.8515092900752,-60.64724393833374,17.9,21.5,19.3,0.9,79,8.1,1.37,Open-Meteo Forecast API
2026-05-17,D10,-21.8515092900752,-60.64724393833374,15.6,20.3,17.4,0.0,70,11.8,2.51,Open-Meteo Forecast API
2026-05-11,D11,-21.850630207141727,-60.663819774277385,8.0,20.2,13.6,0.0,69,6.5,3.01,Open-Meteo Forecast API
2026-05-12,D11,-21.850630207141727,-60.663819774277385,8.0,20.9,14.2,0.0,72,5.1,2.89,Open-Meteo Forecast API
2026-05-13,D11,-21.850630207141727,-60.663819774277385,10.0,24.0,16.8,0.0,68,5.7,3.09,Open-Meteo Forecast API
2026-05-14,D11,-21.850630207141727,-60.663819774277385,14.8,24.2,18.4,1.9,79,8.7,1.84,Open-Meteo Forecast API
2026-05-15,D11,-21.850630207141727,-60.663819774277385,16.2,23.1,19.1,2.5,83,7.1,1.9,Open-Meteo Forecast API
2026-05-16,D11,-21.850630207141727,-60.663819774277385,17.8,21.6,19.4,0.3,78,8.2,1.41,Open-Meteo Forecast API
2026-05-17,D11,-21.850630207141727,-60.663819774277385,15.4,20.5,17.5,0.0,68,12.6,2.62,Open-Meteo Forecast API
2026-05-11,D12,-21.845727231986228,-60.67672099532909,7.8,20.1,13.6,0.0,70,6.0,2.96,Open-Meteo Forecast API
2026-05-12,D12,-21.845727231986228,-60.67672099532909,8.0,20.5,14.1,0.0,73,4.7,2.8,Open-Meteo Forecast API
2026-05-13,D12,-21.845727231986228,-60.67672099532909,10.4,24.0,16.8,0.0,69,5.7,3.05,Open-Meteo Forecast API
2026-05-14,D12,-21.845727231986228,-60.67672099532909,14.8,24.6,18.6,2.3,80,8.7,1.94,Open-Meteo Forecast API
2026-05-15,D12,-21.845727231986228,-60.67672099532909,16.2,22.9,19.2,2.8,83,7.0,1.9,Open-Meteo Forecast API
2026-05-16,D12,-21.845727231986228,-60.67672099532909,17.8,21.5,19.3,0.3,80,8.3,1.33,Open-Meteo Forecast API
2026-05-17,D12,-21.845727231986228,-60.67672099532909,15.4,20.2,17.5,0.0,69,12.9,2.6,Open-Meteo Forecast API
2026-05-11,D2,-21.87312060511116,-60.64726564420344,8.0,20.2,13.6,0.0,69,6.5,3.01,Open-Meteo Forecast API
2026-05-12,D2,-21.87312060511116,-60.64726564420344,8.0,20.9,14.2,0.0,72,5.1,2.89,Open-Meteo Forecast API
2026-05-13,D2,-21.87312060511116,-60.64726564420344,10.0,24.0,16.8,0.0,68,5.7,3.09,Open-Meteo Forecast API
2026-05-14,D2,-21.87312060511116,-60.64726564420344,14.8,24.2,18.4,1.9,79,8.7,1.84,Open-Meteo Forecast API
2026-05-15,D2,-21.87312060511116,-60.64726564420344,16.2,23.1,19.1,2.5,83,7.1,1.9,Open-Meteo Forecast API
2026-05-16,D2,-21.87312060511116,-60.64726564420344,17.8,21.6,19.4,0.3,78,8.2,1.41,Open-Meteo Forecast API
2026-05-17,D2,-21.87312060511116,-60.64726564420344,15.4,20.5,17.5,0.0,68,12.6,2.62,Open-Meteo Forecast API
2026-05-11,D3,-21.87256774768723,-60.65917622446153,8.0,20.2,13.6,0.0,69,6.5,3.01,Open-Meteo Forecast API
2026-05-12,D3,-21.87256774768723,-60.65917622446153,8.0,20.9,14.2,0.0,72,5.1,2.89,Open-Meteo Forecast API
2026-05-13,D3,-21.87256774768723,-60.65917622446153,10.0,24.0,16.8,0.0,68,5.7,3.09,Open-Meteo Forecast API
2026-05-14,D3,-21.87256774768723,-60.65917622446153,14.8,24.2,18.4,1.9,79,8.7,1.84,Open-Meteo Forecast API
2026-05-15,D3,-21.87256774768723,-60.65917622446153,16.2,23.1,19.1,2.5,83,7.1,1.9,Open-Meteo Forecast API
2026-05-16,D3,-21.87256774768723,-60.65917622446153,17.8,21.6,19.4,0.3,78,8.2,1.41,Open-Meteo Forecast API
2026-05-17,D3,-21.87256774768723,-60.65917622446153,15.4,20.5,17.5,0.0,68,12.6,2.62,Open-Meteo Forecast API
2026-05-11,D4,-21.866224756600364,-60.643023324883245,7.8,20.2,13.5,0.0,70,6.3,2.97,Open-Meteo Forecast API
2026-05-12,D4,-21.866224756600364,-60.643023324883245,7.9,20.8,14.1,0.0,72,4.6,2.81,Open-Meteo Forecast API
2026-05-13,D4,-21.866224756600364,-60.643023324883245,9.9,24.0,16.7,0.0,69,5.5,3.04,Open-Meteo Forecast API
2026-05-14,D4,-21.866224756600364,-60.643023324883245,14.6,25.0,18.6,3.3,81,8.0,1.96,Open-Meteo Forecast API
2026-05-15,D4,-21.866224756600364,-60.643023324883245,16.2,23.1,19.1,1.8,84,6.7,1.86,Open-Meteo Forecast API
2026-05-16,D4,-21.866224756600364,-60.643023324883245,17.9,21.5,19.3,0.9,79,8.1,1.37,Open-Meteo Forecast API
2026-05-17,D4,-21.866224756600364,-60.643023324883245,15.6,20.3,17.4,0.0,70,11.8,2.51,Open-Meteo Forecast API
2026-05-11,D5,-21.866781404850833,-60.661825086956235,8.0,20.2,13.6,0.0,69,6.5,3.01,Open-Meteo Forecast API
2026-05-12,D5,-21.866781404850833,-60.661825086956235,8.0,20.9,14.2,0.0,72,5.1,2.89,Open-Meteo Forecast API
2026-05-13,D5,-21.866781404850833,-60.661825086956235,10.0,24.0,16.8,0.0,68,5.7,3.09,Open-Meteo Forecast API
2026-05-14,D5,-21.866781404850833,-60.661825086956235,14.8,24.2,18.4,1.9,79,8.7,1.84,Open-Meteo Forecast API
2026-05-15,D5,-21.866781404850833,-60.661825086956235,16.2,23.1,19.1,2.5,83,7.1,1.9,Open-Meteo Forecast API
2026-05-16,D5,-21.866781404850833,-60.661825086956235,17.8,21.6,19.4,0.3,78,8.2,1.41,Open-Meteo Forecast API
2026-05-17,D5,-21.866781404850833,-60.661825086956235,15.4,20.5,17.5,0.0,68,12.6,2.62,Open-Meteo Forecast API
2026-05-11,D6,-21.862381006334378,-60.64725496934684,7.8,20.2,13.5,0.0,70,6.3,2.97,Open-Meteo Forecast API
2026-05-12,D6,-21.862381006334378,-60.64725496934684,7.9,20.8,14.1,0.0,72,4.6,2.81,Open-Meteo Forecast API
2026-05-13,D6,-21.862381006334378,-60.64725496934684,9.9,24.0,16.7,0.0,69,5.5,3.04,Open-Meteo Forecast API
2026-05-14,D6,-21.862381006334378,-60.64725496934684,14.6,25.0,18.6,3.3,81,8.0,1.96,Open-Meteo Forecast API
2026-05-15,D6,-21.862381006334378,-60.64725496934684,16.2,23.1,19.1,1.8,84,6.7,1.86,Open-Meteo Forecast API
2026-05-16,D6,-21.862381006334378,-60.64725496934684,17.9,21.5,19.3,0.9,79,8.1,1.37,Open-Meteo Forecast API
2026-05-17,D6,-21.862381006334378,-60.64725496934684,15.6,20.3,17.4,0.0,70,11.8,2.51,Open-Meteo Forecast API
2026-05-11,D7,-21.861493774825952,-60.65911516513631,8.0,20.2,13.6,0.0,69,6.5,3.01,Open-Meteo Forecast API
2026-05-12,D7,-21.861493774825952,-60.65911516513631,8.0,20.9,14.2,0.0,72,5.1,2.89,Open-Meteo Forecast API
2026-05-13,D7,-21.861493774825952,-60.65911516513631,10.0,24.0,16.8,0.0,68,5.7,3.09,Open-Meteo Forecast API
2026-05-14,D7,-21.861493774825952,-60.65911516513631,14.8,24.2,18.4,1.9,79,8.7,1.84,Open-Meteo Forecast API
2026-05-15,D7,-21.861493774825952,-60.65911516513631,16.2,23.1,19.1,2.5,83,7.1,1.9,Open-Meteo Forecast API
2026-05-16,D7,-21.861493774825952,-60.65911516513631,17.8,21.6,19.4,0.3,78,8.2,1.41,Open-Meteo Forecast API
2026-05-17,D7,-21.861493774825952,-60.65911516513631,15.4,20.5,17.5,0.0,68,12.6,2.62,Open-Meteo Forecast API
2026-05-11,D8,-21.8569383360468,-60.64724945311482,7.8,20.2,13.5,0.0,70,6.3,2.97,Open-Meteo Forecast API
2026-05-12,D8,-21.8569383360468,-60.64724945311482,7.9,20.8,14.1,0.0,72,4.6,2.81,Open-Meteo Forecast API
2026-05-13,D8,-21.8569383360468,-60.64724945311482,9.9,24.0,16.7,0.0,69,5.5,3.04,Open-Meteo Forecast API
2026-05-14,D8,-21.8569383360468,-60.64724945311482,14.6,25.0,18.6,3.3,81,8.0,1.96,Open-Meteo Forecast API
2026-05-15,D8,-21.8569383360468,-60.64724945311482,16.2,23.1,19.1,1.8,84,6.7,1.86,Open-Meteo Forecast API
2026-05-16,D8,-21.8569383360468,-60.64724945311482,17.9,21.5,19.3,0.9,79,8.1,1.37,Open-Meteo Forecast API
2026-05-17,D8,-21.8569383360468,-60.64724945311482,15.6,20.3,17.4,0.0,70,11.8,2.51,Open-Meteo Forecast API
2026-05-11,D9,-21.85632482822769,-60.664597206413,8.0,20.2,13.6,0.0,69,6.5,3.01,Open-Meteo Forecast API
2026-05-12,D9,-21.85632482822769,-60.664597206413,8.0,20.9,14.2,0.0,72,5.1,2.89,Open-Meteo Forecast API
2026-05-13,D9,-21.85632482822769,-60.664597206413,10.0,24.0,16.8,0.0,68,5.7,3.09,Open-Meteo Forecast API
2026-05-14,D9,-21.85632482822769,-60.664597206413,14.8,24.2,18.4,1.9,79,8.7,1.84,Open-Meteo Forecast API
2026-05-15,D9,-21.85632482822769,-60.664597206413,16.2,23.1,19.1,2.5,83,7.1,1.9,Open-Meteo Forecast API
2026-05-16,D9,-21.85632482822769,-60.664597206413,17.8,21.6,19.4,0.3,78,8.2,1.41,Open-Meteo Forecast API
2026-05-17,D9,-21.85632482822769,-60.664597206413,15.4,20.5,17.5,0.0,68,12.6,2.62,Open-Meteo Forecast API
2026-05-11,F1,-21.87860534527047,-60.590119021736754,7.7,20.3,13.4,0.0,69,5.9,2.98,Open-Meteo Forecast API
2026-05-12,F1,-21.87860534527047,-60.590119021736754,7.7,21.1,14.0,0.0,70,4.4,2.89,Open-Meteo Forecast API
2026-05-13,F1,-21.87860534527047,-60.590119021736754,9.6,24.1,16.7,0.0,68,5.5,3.1,Open-Meteo Forecast API
2026-05-14,F1,-21.87860534527047,-60.590119021736754,14.5,24.7,18.5,2.6,80,7.8,1.87,Open-Meteo Forecast API
2026-05-15,F1,-21.87860534527047,-60.590119021736754,16.1,23.2,19.1,1.8,82,7.1,1.93,Open-Meteo Forecast API
2026-05-16,F1,-21.87860534527047,-60.590119021736754,18.0,21.7,19.5,0.3,76,8.6,1.53,Open-Meteo Forecast API
2026-05-17,F1,-21.87860534527047,-60.590119021736754,15.6,20.5,17.5,0.0,68,11.8,2.58,Open-Meteo Forecast API
2026-05-11,F10,-21.86325641691168,-60.5901092463452,7.7,20.3,13.4,0.0,69,5.9,2.98,Open-Meteo Forecast API
2026-05-12,F10,-21.86325641691168,-60.5901092463452,7.7,21.1,14.0,0.0,70,4.4,2.89,Open-Meteo Forecast API
2026-05-13,F10,-21.86325641691168,-60.5901092463452,9.6,24.1,16.7,0.0,68,5.5,3.1,Open-Meteo Forecast API
2026-05-14,F10,-21.86325641691168,-60.5901092463452,14.5,24.7,18.5,2.6,80,7.8,1.87,Open-Meteo Forecast API
2026-05-15,F10,-21.86325641691168,-60.5901092463452,16.1,23.2,19.1,1.8,82,7.1,1.93,Open-Meteo Forecast API
2026-05-16,F10,-21.86325641691168,-60.5901092463452,18.0,21.7,19.5,0.3,76,8.6,1.53,Open-Meteo Forecast API
2026-05-17,F10,-21.86325641691168,-60.5901092463452,15.6,20.5,17.5,0.0,68,11.8,2.58,Open-Meteo Forecast API
2026-05-11,F11,-21.861910936734162,-60.601633420381354,7.8,20.2,13.5,0.0,70,6.3,2.97,Open-Meteo Forecast API
2026-05-12,F11,-21.861910936734162,-60.601633420381354,7.9,20.8,14.1,0.0,72,4.6,2.81,Open-Meteo Forecast API
2026-05-13,F11,-21.861910936734162,-60.601633420381354,9.9,24.0,16.7,0.0,69,5.5,3.04,Open-Meteo Forecast API
2026-05-14,F11,-21.861910936734162,-60.601633420381354,14.6,25.0,18.6,3.3,81,8.0,1.96,Open-Meteo Forecast API
2026-05-15,F11,-21.861910936734162,-60.601633420381354,16.2,23.1,19.1,1.8,84,6.7,1.86,Open-Meteo Forecast API
2026-05-16,F11,-21.861910936734162,-60.601633420381354,17.9,21.5,19.3,0.9,79,8.1,1.37,Open-Meteo Forecast API
2026-05-17,F11,-21.861910936734162,-60.601633420381354,15.6,20.3,17.4,0.0,70,11.8,2.51,Open-Meteo Forecast API
2026-05-11,F12,-21.861474561732173,-60.62319804854879,7.8,20.2,13.5,0.0,70,6.3,2.97,Open-Meteo Forecast API
2026-05-12,F12,-21.861474561732173,-60.62319804854879,7.9,20.8,14.1,0.0,72,4.6,2.81,Open-Meteo Forecast API
2026-05-13,F12,-21.861474561732173,-60.62319804854879,9.9,24.0,16.7,0.0,69,5.5,3.04,Open-Meteo Forecast API
2026-05-14,F12,-21.861474561732173,-60.62319804854879,14.6,25.0,18.6,3.3,81,8.0,1.96,Open-Meteo Forecast API
2026-05-15,F12,-21.861474561732173,-60.62319804854879,16.2,23.1,19.1,1.8,84,6.7,1.86,Open-Meteo Forecast API
2026-05-16,F12,-21.861474561732173,-60.62319804854879,17.9,21.5,19.3,0.9,79,8.1,1.37,Open-Meteo Forecast API
2026-05-17,F12,-21.861474561732173,-60.62319804854879,15.6,20.3,17.4,0.0,70,11.8,2.51,Open-Meteo Forecast API
2026-05-11,F13,-21.856914764506847,-60.58965594997066,7.8,20.2,13.5,0.0,70,6.3,2.97,Open-Meteo Forecast API
2026-05-12,F13,-21.856914764506847,-60.58965594997066,7.9,20.8,14.1,0.0,72,4.6,2.81,Open-Meteo Forecast API
2026-05-13,F13,-21.856914764506847,-60.58965594997066,9.9,24.0,16.7,0.0,69,5.5,3.04,Open-Meteo Forecast API
2026-05-14,F13,-21.856914764506847,-60.58965594997066,14.6,25.0,18.6,3.3,81,8.0,1.96,Open-Meteo Forecast API
2026-05-15,F13,-21.856914764506847,-60.58965594997066,16.2,23.1,19.1,1.8,84,6.7,1.86,Open-Meteo Forecast API
2026-05-16,F13,-21.856914764506847,-60.58965594997066,17.9,21.5,19.3,0.9,79,8.1,1.37,Open-Meteo Forecast API
2026-05-17,F13,-21.856914764506847,-60.58965594997066,15.6,20.3,17.4,0.0,70,11.8,2.51,Open-Meteo Forecast API
2026-05-11,F14,-21.856022242487263,-60.602898754646404,7.8,20.2,13.5,0.0,70,6.3,2.97,Open-Meteo Forecast API
2026-05-12,F14,-21.856022242487263,-60.602898754646404,7.9,20.8,14.1,0.0,72,4.6,2.81,Open-Meteo Forecast API
2026-05-13,F14,-21.856022242487263,-60.602898754646404,9.9,24.0,16.7,0.0,69,5.5,3.04,Open-Meteo Forecast API
2026-05-14,F14,-21.856022242487263,-60.602898754646404,14.6,25.0,18.6,3.3,81,8.0,1.96,Open-Meteo Forecast API
2026-05-15,F14,-21.856022242487263,-60.602898754646404,16.2,23.1,19.1,1.8,84,6.7,1.86,Open-Meteo Forecast API
2026-05-16,F14,-21.856022242487263,-60.602898754646404,17.9,21.5,19.3,0.9,79,8.1,1.37,Open-Meteo Forecast API
2026-05-17,F14,-21.856022242487263,-60.602898754646404,15.6,20.3,17.4,0.0,70,11.8,2.51,Open-Meteo Forecast API
2026-05-11,F15,-21.85692658892755,-60.62702139736102,7.8,20.2,13.5,0.0,70,6.3,2.97,Open-Meteo Forecast API
2026-05-12,F15,-21.85692658892755,-60.62702139736102,7.9,20.8,14.1,0.0,72,4.6,2.81,Open-Meteo Forecast API
2026-05-13,F15,-21.85692658892755,-60.62702139736102,9.9,24.0,16.7,0.0,69,5.5,3.04,Open-Meteo Forecast API
2026-05-14,F15,-21.85692658892755,-60.62702139736102,14.6,25.0,18.6,3.3,81,8.0,1.96,Open-Meteo Forecast API
2026-05-15,F15,-21.85692658892755,-60.62702139736102,16.2,23.1,19.1,1.8,84,6.7,1.86,Open-Meteo Forecast API
2026-05-16,F15,-21.85692658892755,-60.62702139736102,17.9,21.5,19.3,0.9,79,8.1,1.37,Open-Meteo Forecast API
2026-05-17,F15,-21.85692658892755,-60.62702139736102,15.6,20.3,17.4,0.0,70,11.8,2.51,Open-Meteo Forecast API
2026-05-11,F16,-21.851479924454303,-60.58951999431863,7.8,20.2,13.5,0.0,70,6.3,2.97,Open-Meteo Forecast API
2026-05-12,F16,-21.851479924454303,-60.58951999431863,7.9,20.8,14.1,0.0,72,4.6,2.81,Open-Meteo Forecast API
2026-05-13,F16,-21.851479924454303,-60.58951999431863,9.9,24.0,16.7,0.0,69,5.5,3.04,Open-Meteo Forecast API
2026-05-14,F16,-21.851479924454303,-60.58951999431863,14.6,25.0,18.6,3.3,81,8.0,1.96,Open-Meteo Forecast API
2026-05-15,F16,-21.851479924454303,-60.58951999431863,16.2,23.1,19.1,1.8,84,6.7,1.86,Open-Meteo Forecast API
2026-05-16,F16,-21.851479924454303,-60.58951999431863,17.9,21.5,19.3,0.9,79,8.1,1.37,Open-Meteo Forecast API
2026-05-17,F16,-21.851479924454303,-60.58951999431863,15.6,20.3,17.4,0.0,70,11.8,2.51,Open-Meteo Forecast API
2026-05-11,F17,-21.85057421729838,-60.60289654867137,7.8,20.2,13.5,0.0,70,6.3,2.97,Open-Meteo Forecast API
2026-05-12,F17,-21.85057421729838,-60.60289654867137,7.9,20.8,14.1,0.0,72,4.6,2.81,Open-Meteo Forecast API
2026-05-13,F17,-21.85057421729838,-60.60289654867137,9.9,24.0,16.7,0.0,69,5.5,3.04,Open-Meteo Forecast API
2026-05-14,F17,-21.85057421729838,-60.60289654867137,14.6,25.0,18.6,3.3,81,8.0,1.96,Open-Meteo Forecast API
2026-05-15,F17,-21.85057421729838,-60.60289654867137,16.2,23.1,19.1,1.8,84,6.7,1.86,Open-Meteo Forecast API
2026-05-16,F17,-21.85057421729838,-60.60289654867137,17.9,21.5,19.3,0.9,79,8.1,1.37,Open-Meteo Forecast API
2026-05-17,F17,-21.85057421729838,-60.60289654867137,15.6,20.3,17.4,0.0,70,11.8,2.51,Open-Meteo Forecast API
2026-05-11,F18,-21.851487936394342,-60.62703054657381,7.8,20.2,13.5,0.0,70,6.3,2.97,Open-Meteo Forecast API
2026-05-12,F18,-21.851487936394342,-60.62703054657381,7.9,20.8,14.1,0.0,72,4.6,2.81,Open-Meteo Forecast API
2026-05-13,F18,-21.851487936394342,-60.62703054657381,9.9,24.0,16.7,0.0,69,5.5,3.04,Open-Meteo Forecast API
2026-05-14,F18,-21.851487936394342,-60.62703054657381,14.6,25.0,18.6,3.3,81,8.0,1.96,Open-Meteo Forecast API
2026-05-15,F18,-21.851487936394342,-60.62703054657381,16.2,23.1,19.1,1.8,84,6.7,1.86,Open-Meteo Forecast API
2026-05-16,F18,-21.851487936394342,-60.62703054657381,17.9,21.5,19.3,0.9,79,8.1,1.37,Open-Meteo Forecast API
2026-05-17,F18,-21.851487936394342,-60.62703054657381,15.6,20.3,17.4,0.0,70,11.8,2.51,Open-Meteo Forecast API
2026-05-11,F19,-21.846068164774646,-60.589389533613584,7.8,20.2,13.5,0.0,70,6.3,2.97,Open-Meteo Forecast API
2026-05-12,F19,-21.846068164774646,-60.589389533613584,7.9,20.8,14.1,0.0,72,4.6,2.81,Open-Meteo Forecast API
2026-05-13,F19,-21.846068164774646,-60.589389533613584,9.9,24.0,16.7,0.0,69,5.5,3.04,Open-Meteo Forecast API
2026-05-14,F19,-21.846068164774646,-60.589389533613584,14.6,25.0,18.6,3.3,81,8.0,1.96,Open-Meteo Forecast API
2026-05-15,F19,-21.846068164774646,-60.589389533613584,16.2,23.1,19.1,1.8,84,6.7,1.86,Open-Meteo Forecast API
2026-05-16,F19,-21.846068164774646,-60.589389533613584,17.9,21.5,19.3,0.9,79,8.1,1.37,Open-Meteo Forecast API
2026-05-17,F19,-21.846068164774646,-60.589389533613584,15.6,20.3,17.4,0.0,70,11.8,2.51,Open-Meteo Forecast API
2026-05-11,F2,-21.877354936629306,-60.60476047554317,7.7,20.3,13.4,0.0,69,5.9,2.98,Open-Meteo Forecast API
2026-05-12,F2,-21.877354936629306,-60.60476047554317,7.7,21.1,14.0,0.0,70,4.4,2.89,Open-Meteo Forecast API
2026-05-13,F2,-21.877354936629306,-60.60476047554317,9.6,24.1,16.7,0.0,68,5.5,3.1,Open-Meteo Forecast API
2026-05-14,F2,-21.877354936629306,-60.60476047554317,14.5,24.7,18.5,2.6,80,7.8,1.87,Open-Meteo Forecast API
2026-05-15,F2,-21.877354936629306,-60.60476047554317,16.1,23.2,19.1,1.8,82,7.1,1.93,Open-Meteo Forecast API
2026-05-16,F2,-21.877354936629306,-60.60476047554317,18.0,21.7,19.5,0.3,76,8.6,1.53,Open-Meteo Forecast API
2026-05-17,F2,-21.877354936629306,-60.60476047554317,15.6,20.5,17.5,0.0,68,11.8,2.58,Open-Meteo Forecast API
2026-05-11,F20,-21.84518312528153,-60.60288575684795,7.8,20.2,13.5,0.0,70,6.3,2.97,Open-Meteo Forecast API
2026-05-12,F20,-21.84518312528153,-60.60288575684795,7.9,20.8,14.1,0.0,72,4.6,2.81,Open-Meteo Forecast API
2026-05-13,F20,-21.84518312528153,-60.60288575684795,9.9,24.0,16.7,0.0,69,5.5,3.04,Open-Meteo Forecast API
2026-05-14,F20,-21.84518312528153,-60.60288575684795,14.6,25.0,18.6,3.3,81,8.0,1.96,Open-Meteo Forecast API
2026-05-15,F20,-21.84518312528153,-60.60288575684795,16.2,23.1,19.1,1.8,84,6.7,1.86,Open-Meteo Forecast API
2026-05-16,F20,-21.84518312528153,-60.60288575684795,17.9,21.5,19.3,0.9,79,8.1,1.37,Open-Meteo Forecast API
2026-05-17,F20,-21.84518312528153,-60.60288575684795,15.6,20.3,17.4,0.0,70,11.8,2.51,Open-Meteo Forecast API
2026-05-11,F21,-21.846098033780795,-60.627029355436584,7.8,20.2,13.5,0.0,70,6.3,2.97,Open-Meteo Forecast API
2026-05-12,F21,-21.846098033780795,-60.627029355436584,7.9,20.8,14.1,0.0,72,4.6,2.81,Open-Meteo Forecast API
2026-05-13,F21,-21.846098033780795,-60.627029355436584,9.9,24.0,16.7,0.0,69,5.5,3.04,Open-Meteo Forecast API
2026-05-14,F21,-21.846098033780795,-60.627029355436584,14.6,25.0,18.6,3.3,81,8.0,1.96,Open-Meteo Forecast API
2026-05-15,F21,-21.846098033780795,-60.627029355436584,16.2,23.1,19.1,1.8,84,6.7,1.86,Open-Meteo Forecast API
2026-05-16,F21,-21.846098033780795,-60.627029355436584,17.9,21.5,19.3,0.9,79,8.1,1.37,Open-Meteo Forecast API
2026-05-17,F21,-21.846098033780795,-60.627029355436584,15.6,20.3,17.4,0.0,70,11.8,2.51,Open-Meteo Forecast API
2026-05-11,F22,-21.840661000403404,-60.589270928427766,7.8,20.2,13.5,0.0,70,6.3,2.97,Open-Meteo Forecast API
2026-05-12,F22,-21.840661000403404,-60.589270928427766,7.9,20.8,14.1,0.0,72,4.6,2.81,Open-Meteo Forecast API
2026-05-13,F22,-21.840661000403404,-60.589270928427766,9.9,24.0,16.7,0.0,69,5.5,3.04,Open-Meteo Forecast API
2026-05-14,F22,-21.840661000403404,-60.589270928427766,14.6,25.0,18.6,3.3,81,8.0,1.96,Open-Meteo Forecast API
2026-05-15,F22,-21.840661000403404,-60.589270928427766,16.2,23.1,19.1,1.8,84,6.7,1.86,Open-Meteo Forecast API
2026-05-16,F22,-21.840661000403404,-60.589270928427766,17.9,21.5,19.3,0.9,79,8.1,1.37,Open-Meteo Forecast API
2026-05-17,F22,-21.840661000403404,-60.589270928427766,15.6,20.3,17.4,0.0,70,11.8,2.51,Open-Meteo Forecast API
2026-05-11,F23,-21.83977587812897,-60.60287774832567,7.8,20.2,13.5,0.0,70,6.3,2.97,Open-Meteo Forecast API
2026-05-12,F23,-21.83977587812897,-60.60287774832567,7.9,20.8,14.1,0.0,72,4.6,2.81,Open-Meteo Forecast API
2026-05-13,F23,-21.83977587812897,-60.60287774832567,9.9,24.0,16.7,0.0,69,5.5,3.04,Open-Meteo Forecast API
2026-05-14,F23,-21.83977587812897,-60.60287774832567,14.6,25.0,18.6,3.3,81,8.0,1.96,Open-Meteo Forecast API
2026-05-15,F23,-21.83977587812897,-60.60287774832567,16.2,23.1,19.1,1.8,84,6.7,1.86,Open-Meteo Forecast API
2026-05-16,F23,-21.83977587812897,-60.60287774832567,17.9,21.5,19.3,0.9,79,8.1,1.37,Open-Meteo Forecast API
2026-05-17,F23,-21.83977587812897,-60.60287774832567,15.6,20.3,17.4,0.0,70,11.8,2.51,Open-Meteo Forecast API
2026-05-11,F24,-21.840906764834806,-60.631111275079036,7.8,20.2,13.5,0.0,70,6.3,2.97,Open-Meteo Forecast API
2026-05-12,F24,-21.840906764834806,-60.631111275079036,7.9,20.8,14.1,0.0,72,4.6,2.81,Open-Meteo Forecast API
2026-05-13,F24,-21.840906764834806,-60.631111275079036,9.9,24.0,16.7,0.0,69,5.5,3.04,Open-Meteo Forecast API
2026-05-14,F24,-21.840906764834806,-60.631111275079036,14.6,25.0,18.6,3.3,81,8.0,1.96,Open-Meteo Forecast API
2026-05-15,F24,-21.840906764834806,-60.631111275079036,16.2,23.1,19.1,1.8,84,6.7,1.86,Open-Meteo Forecast API
2026-05-16,F24,-21.840906764834806,-60.631111275079036,17.9,21.5,19.3,0.9,79,8.1,1.37,Open-Meteo Forecast API
2026-05-17,F24,-21.840906764834806,-60.631111275079036,15.6,20.3,17.4,0.0,70,11.8,2.51,Open-Meteo Forecast API
2026-05-11,F25,-21.835107676201247,-60.589149038828566,7.8,20.2,13.5,0.0,70,6.3,2.97,Open-Meteo Forecast API
2026-05-12,F25,-21.835107676201247,-60.589149038828566,7.9,20.8,14.1,0.0,72,4.6,2.81,Open-Meteo Forecast API
2026-05-13,F25,-21.835107676201247,-60.589149038828566,9.9,24.0,16.7,0.0,69,5.5,3.04,Open-Meteo Forecast API
2026-05-14,F25,-21.835107676201247,-60.589149038828566,14.6,25.0,18.6,3.3,81,8.0,1.96,Open-Meteo Forecast API
2026-05-15,F25,-21.835107676201247,-60.589149038828566,16.2,23.1,19.1,1.8,84,6.7,1.86,Open-Meteo Forecast API
2026-05-16,F25,-21.835107676201247,-60.589149038828566,17.9,21.5,19.3,0.9,79,8.1,1.37,Open-Meteo Forecast API
2026-05-17,F25,-21.835107676201247,-60.589149038828566,15.6,20.3,17.4,0.0,70,11.8,2.51,Open-Meteo Forecast API
2026-05-11,F26,-21.834265898025222,-60.60906506873653,7.8,20.2,13.5,0.0,70,6.3,2.97,Open-Meteo Forecast API
2026-05-12,F26,-21.834265898025222,-60.60906506873653,7.9,20.8,14.1,0.0,72,4.6,2.81,Open-Meteo Forecast API
2026-05-13,F26,-21.834265898025222,-60.60906506873653,9.9,24.0,16.7,0.0,69,5.5,3.04,Open-Meteo Forecast API
2026-05-14,F26,-21.834265898025222,-60.60906506873653,14.6,25.0,18.6,3.3,81,8.0,1.96,Open-Meteo Forecast API
2026-05-15,F26,-21.834265898025222,-60.60906506873653,16.2,23.1,19.1,1.8,84,6.7,1.86,Open-Meteo Forecast API
2026-05-16,F26,-21.834265898025222,-60.60906506873653,17.9,21.5,19.3,0.9,79,8.1,1.37,Open-Meteo Forecast API
2026-05-17,F26,-21.834265898025222,-60.60906506873653,15.6,20.3,17.4,0.0,70,11.8,2.51,Open-Meteo Forecast API
2026-05-11,F27,-21.83444005273783,-60.62917525489419,7.8,20.2,13.5,0.0,70,6.3,2.97,Open-Meteo Forecast API
2026-05-12,F27,-21.83444005273783,-60.62917525489419,7.9,20.8,14.1,0.0,72,4.6,2.81,Open-Meteo Forecast API
2026-05-13,F27,-21.83444005273783,-60.62917525489419,9.9,24.0,16.7,0.0,69,5.5,3.04,Open-Meteo Forecast API
2026-05-14,F27,-21.83444005273783,-60.62917525489419,14.6,25.0,18.6,3.3,81,8.0,1.96,Open-Meteo Forecast API
2026-05-15,F27,-21.83444005273783,-60.62917525489419,16.2,23.1,19.1,1.8,84,6.7,1.86,Open-Meteo Forecast API
2026-05-16,F27,-21.83444005273783,-60.62917525489419,17.9,21.5,19.3,0.9,79,8.1,1.37,Open-Meteo Forecast API
2026-05-17,F27,-21.83444005273783,-60.62917525489419,15.6,20.3,17.4,0.0,70,11.8,2.51,Open-Meteo Forecast API
2026-05-11,F28,-21.829840504839364,-60.58903500847957,7.8,20.2,13.5,0.0,70,6.3,2.97,Open-Meteo Forecast API
2026-05-12,F28,-21.829840504839364,-60.58903500847957,7.9,20.8,14.1,0.0,72,4.6,2.81,Open-Meteo Forecast API
2026-05-13,F28,-21.829840504839364,-60.58903500847957,9.9,24.0,16.7,0.0,69,5.5,3.04,Open-Meteo Forecast API
2026-05-14,F28,-21.829840504839364,-60.58903500847957,14.6,25.0,18.6,3.3,81,8.0,1.96,Open-Meteo Forecast API
2026-05-15,F28,-21.829840504839364,-60.58903500847957,16.2,23.1,19.1,1.8,84,6.7,1.86,Open-Meteo Forecast API
2026-05-16,F28,-21.829840504839364,-60.58903500847957,17.9,21.5,19.3,0.9,79,8.1,1.37,Open-Meteo Forecast API
2026-05-17,F28,-21.829840504839364,-60.58903500847957,15.6,20.3,17.4,0.0,70,11.8,2.51,Open-Meteo Forecast API
2026-05-11,F29,-21.828935776973765,-60.602873418120566,7.8,20.2,13.5,0.0,70,6.3,2.97,Open-Meteo Forecast API
2026-05-12,F29,-21.828935776973765,-60.602873418120566,7.9,20.8,14.1,0.0,72,4.6,2.81,Open-Meteo Forecast API
2026-05-13,F29,-21.828935776973765,-60.602873418120566,9.9,24.0,16.7,0.0,69,5.5,3.04,Open-Meteo Forecast API
2026-05-14,F29,-21.828935776973765,-60.602873418120566,14.6,25.0,18.6,3.3,81,8.0,1.96,Open-Meteo Forecast API
2026-05-15,F29,-21.828935776973765,-60.602873418120566,16.2,23.1,19.1,1.8,84,6.7,1.86,Open-Meteo Forecast API
2026-05-16,F29,-21.828935776973765,-60.602873418120566,17.9,21.5,19.3,0.9,79,8.1,1.37,Open-Meteo Forecast API
2026-05-17,F29,-21.828935776973765,-60.602873418120566,15.6,20.3,17.4,0.0,70,11.8,2.51,Open-Meteo Forecast API
2026-05-11,F3,-21.87762924199821,-60.62316417234342,7.7,20.3,13.4,0.0,69,5.9,2.98,Open-Meteo Forecast API
2026-05-12,F3,-21.87762924199821,-60.62316417234342,7.7,21.1,14.0,0.0,70,4.4,2.89,Open-Meteo Forecast API
2026-05-13,F3,-21.87762924199821,-60.62316417234342,9.6,24.1,16.7,0.0,68,5.5,3.1,Open-Meteo Forecast API
2026-05-14,F3,-21.87762924199821,-60.62316417234342,14.5,24.7,18.5,2.6,80,7.8,1.87,Open-Meteo Forecast API
2026-05-15,F3,-21.87762924199821,-60.62316417234342,16.1,23.2,19.1,1.8,82,7.1,1.93,Open-Meteo Forecast API
2026-05-16,F3,-21.87762924199821,-60.62316417234342,18.0,21.7,19.5,0.3,76,8.6,1.53,Open-Meteo Forecast API
2026-05-17,F3,-21.87762924199821,-60.62316417234342,15.6,20.5,17.5,0.0,68,11.8,2.58,Open-Meteo Forecast API
2026-05-11,F30,-21.829841619586595,-60.62832319095717,7.8,20.2,13.5,0.0,70,6.3,2.97,Open-Meteo Forecast API
2026-05-12,F30,-21.829841619586595,-60.62832319095717,7.9,20.8,14.1,0.0,72,4.6,2.81,Open-Meteo Forecast API
2026-05-13,F30,-21.829841619586595,-60.62832319095717,9.9,24.0,16.7,0.0,69,5.5,3.04,Open-Meteo Forecast API
2026-05-14,F30,-21.829841619586595,-60.62832319095717,14.6,25.0,18.6,3.3,81,8.0,1.96,Open-Meteo Forecast API
2026-05-15,F30,-21.829841619586595,-60.62832319095717,16.2,23.1,19.1,1.8,84,6.7,1.86,Open-Meteo Forecast API
2026-05-16,F30,-21.829841619586595,-60.62832319095717,17.9,21.5,19.3,0.9,79,8.1,1.37,Open-Meteo Forecast API
2026-05-17,F30,-21.829841619586595,-60.62832319095717,15.6,20.3,17.4,0.0,70,11.8,2.51,Open-Meteo Forecast API
2026-05-11,F4,-21.873129346899383,-60.58684413369234,7.7,20.3,13.4,0.0,69,5.9,2.98,Open-Meteo Forecast API
2026-05-12,F4,-21.873129346899383,-60.58684413369234,7.7,21.1,14.0,0.0,70,4.4,2.89,Open-Meteo Forecast API
2026-05-13,F4,-21.873129346899383,-60.58684413369234,9.6,24.1,16.7,0.0,68,5.5,3.1,Open-Meteo Forecast API
2026-05-14,F4,-21.873129346899383,-60.58684413369234,14.5,24.7,18.5,2.6,80,7.8,1.87,Open-Meteo Forecast API
2026-05-15,F4,-21.873129346899383,-60.58684413369234,16.1,23.2,19.1,1.8,82,7.1,1.93,Open-Meteo Forecast API
2026-05-16,F4,-21.873129346899383,-60.58684413369234,18.0,21.7,19.5,0.3,76,8.6,1.53,Open-Meteo Forecast API
2026-05-17,F4,-21.873129346899383,-60.58684413369234,15.6,20.5,17.5,0.0,68,11.8,2.58,Open-Meteo Forecast API
2026-05-11,F5,-21.871825963209027,-60.60487885379676,7.7,20.3,13.4,0.0,69,5.9,2.98,Open-Meteo Forecast API
2026-05-12,F5,-21.871825963209027,-60.60487885379676,7.7,21.1,14.0,0.0,70,4.4,2.89,Open-Meteo Forecast API
2026-05-13,F5,-21.871825963209027,-60.60487885379676,9.6,24.1,16.7,0.0,68,5.5,3.1,Open-Meteo Forecast API
2026-05-14,F5,-21.871825963209027,-60.60487885379676,14.5,24.7,18.5,2.6,80,7.8,1.87,Open-Meteo Forecast API
2026-05-15,F5,-21.871825963209027,-60.60487885379676,16.1,23.2,19.1,1.8,82,7.1,1.93,Open-Meteo Forecast API
2026-05-16,F5,-21.871825963209027,-60.60487885379676,18.0,21.7,19.5,0.3,76,8.6,1.53,Open-Meteo Forecast API
2026-05-17,F5,-21.871825963209027,-60.60487885379676,15.6,20.5,17.5,0.0,68,11.8,2.58,Open-Meteo Forecast API
2026-05-11,F6,-21.87220712147997,-60.623161925306476,7.8,20.2,13.5,0.0,70,6.3,2.97,Open-Meteo Forecast API
2026-05-12,F6,-21.87220712147997,-60.623161925306476,7.9,20.8,14.1,0.0,72,4.6,2.81,Open-Meteo Forecast API
2026-05-13,F6,-21.87220712147997,-60.623161925306476,9.9,24.0,16.7,0.0,69,5.5,3.04,Open-Meteo Forecast API
2026-05-14,F6,-21.87220712147997,-60.623161925306476,14.6,25.0,18.6,3.3,81,8.0,1.96,Open-Meteo Forecast API
2026-05-15,F6,-21.87220712147997,-60.623161925306476,16.2,23.1,19.1,1.8,84,6.7,1.86,Open-Meteo Forecast API
2026-05-16,F6,-21.87220712147997,-60.623161925306476,17.9,21.5,19.3,0.9,79,8.1,1.37,Open-Meteo Forecast API
2026-05-17,F6,-21.87220712147997,-60.623161925306476,15.6,20.3,17.4,0.0,70,11.8,2.51,Open-Meteo Forecast API
2026-05-11,F7,-21.867730382258816,-60.58986605877253,7.7,20.3,13.4,0.0,69,5.9,2.98,Open-Meteo Forecast API
2026-05-12,F7,-21.867730382258816,-60.58986605877253,7.7,21.1,14.0,0.0,70,4.4,2.89,Open-Meteo Forecast API
2026-05-13,F7,-21.867730382258816,-60.58986605877253,9.6,24.1,16.7,0.0,68,5.5,3.1,Open-Meteo Forecast API
2026-05-14,F7,-21.867730382258816,-60.58986605877253,14.5,24.7,18.5,2.6,80,7.8,1.87,Open-Meteo Forecast API
2026-05-15,F7,-21.867730382258816,-60.58986605877253,16.1,23.2,19.1,1.8,82,7.1,1.93,Open-Meteo Forecast API
2026-05-16,F7,-21.867730382258816,-60.58986605877253,18.0,21.7,19.5,0.3,76,8.6,1.53,Open-Meteo Forecast API
2026-05-17,F7,-21.867730382258816,-60.58986605877253,15.6,20.5,17.5,0.0,68,11.8,2.58,Open-Meteo Forecast API
2026-05-11,F8,-21.867218636175586,-60.60408514514337,7.7,20.3,13.4,0.0,69,5.9,2.98,Open-Meteo Forecast API
2026-05-12,F8,-21.867218636175586,-60.60408514514337,7.7,21.1,14.0,0.0,70,4.4,2.89,Open-Meteo Forecast API
2026-05-13,F8,-21.867218636175586,-60.60408514514337,9.6,24.1,16.7,0.0,68,5.5,3.1,Open-Meteo Forecast API
2026-05-14,F8,-21.867218636175586,-60.60408514514337,14.5,24.7,18.5,2.6,80,7.8,1.87,Open-Meteo Forecast API
2026-05-15,F8,-21.867218636175586,-60.60408514514337,16.1,23.2,19.1,1.8,82,7.1,1.93,Open-Meteo Forecast API
2026-05-16,F8,-21.867218636175586,-60.60408514514337,18.0,21.7,19.5,0.3,76,8.6,1.53,Open-Meteo Forecast API
2026-05-17,F8,-21.867218636175586,-60.60408514514337,15.6,20.5,17.5,0.0,68,11.8,2.58,Open-Meteo Forecast API
2026-05-11,F9,-21.866875949025207,-60.623168999572876,7.8,20.2,13.5,0.0,70,6.3,2.97,Open-Meteo Forecast API
2026-05-12,F9,-21.866875949025207,-60.623168999572876,7.9,20.8,14.1,0.0,72,4.6,2.81,Open-Meteo Forecast API
2026-05-13,F9,-21.866875949025207,-60.623168999572876,9.9,24.0,16.7,0.0,69,5.5,3.04,Open-Meteo Forecast API
2026-05-14,F9,-21.866875949025207,-60.623168999572876,14.6,25.0,18.6,3.3,81,8.0,1.96,Open-Meteo Forecast API
2026-05-15,F9,-21.866875949025207,-60.623168999572876,16.2,23.1,19.1,1.8,84,6.7,1.86,Open-Meteo Forecast API
2026-05-16,F9,-21.866875949025207,-60.623168999572876,17.9,21.5,19.3,0.9,79,8.1,1.37,Open-Meteo Forecast API
2026-05-17,F9,-21.866875949025207,-60.623168999572876,15.6,20.3,17.4,0.0,70,11.8,2.51,Open-Meteo Forecast API
2026-05-11,H1,-21.829099732603055,-60.753362926778074,7.8,20.1,13.6,0.0,70,6.0,2.96,Open-Meteo Forecast API
2026-05-12,H1,-21.829099732603055,-60.753362926778074,8.0,20.5,14.1,0.0,73,4.7,2.8,Open-Meteo Forecast API
2026-05-13,H1,-21.829099732603055,-60.753362926778074,10.4,24.0,16.8,0.0,69,5.7,3.05,Open-Meteo Forecast API
2026-05-14,H1,-21.829099732603055,-60.753362926778074,14.8,24.6,18.6,2.3,80,8.7,1.94,Open-Meteo Forecast API
2026-05-15,H1,-21.829099732603055,-60.753362926778074,16.2,22.9,19.2,2.8,83,7.0,1.9,Open-Meteo Forecast API
2026-05-16,H1,-21.829099732603055,-60.753362926778074,17.8,21.5,19.3,0.3,80,8.3,1.33,Open-Meteo Forecast API
2026-05-17,H1,-21.829099732603055,-60.753362926778074,15.4,20.2,17.5,0.0,69,12.9,2.6,Open-Meteo Forecast API
2026-05-11,H10,-21.840403307671618,-60.74606397895051,7.8,20.1,13.6,0.0,70,6.0,2.96,Open-Meteo Forecast API
2026-05-12,H10,-21.840403307671618,-60.74606397895051,8.0,20.5,14.1,0.0,73,4.7,2.8,Open-Meteo Forecast API
2026-05-13,H10,-21.840403307671618,-60.74606397895051,10.4,24.0,16.8,0.0,69,5.7,3.05,Open-Meteo Forecast API
2026-05-14,H10,-21.840403307671618,-60.74606397895051,14.8,24.6,18.6,2.3,80,8.7,1.94,Open-Meteo Forecast API
2026-05-15,H10,-21.840403307671618,-60.74606397895051,16.2,22.9,19.2,2.8,83,7.0,1.9,Open-Meteo Forecast API
2026-05-16,H10,-21.840403307671618,-60.74606397895051,17.8,21.5,19.3,0.3,80,8.3,1.33,Open-Meteo Forecast API
2026-05-17,H10,-21.840403307671618,-60.74606397895051,15.4,20.2,17.5,0.0,69,12.9,2.6,Open-Meteo Forecast API
2026-05-11,H11,-21.84428413409723,-60.74243454347963,7.8,20.1,13.6,0.0,70,6.0,2.96,Open-Meteo Forecast API
2026-05-12,H11,-21.84428413409723,-60.74243454347963,8.0,20.5,14.1,0.0,73,4.7,2.8,Open-Meteo Forecast API
2026-05-13,H11,-21.84428413409723,-60.74243454347963,10.4,24.0,16.8,0.0,69,5.7,3.05,Open-Meteo Forecast API
2026-05-14,H11,-21.84428413409723,-60.74243454347963,14.8,24.6,18.6,2.3,80,8.7,1.94,Open-Meteo Forecast API
2026-05-15,H11,-21.84428413409723,-60.74243454347963,16.2,22.9,19.2,2.8,83,7.0,1.9,Open-Meteo Forecast API
2026-05-16,H11,-21.84428413409723,-60.74243454347963,17.8,21.5,19.3,0.3,80,8.3,1.33,Open-Meteo Forecast API
2026-05-17,H11,-21.84428413409723,-60.74243454347963,15.4,20.2,17.5,0.0,69,12.9,2.6,Open-Meteo Forecast API
2026-05-11,H12,-21.849981846398336,-60.74725321805092,7.8,20.1,13.6,0.0,70,6.0,2.96,Open-Meteo Forecast API
2026-05-12,H12,-21.849981846398336,-60.74725321805092,8.0,20.5,14.1,0.0,73,4.7,2.8,Open-Meteo Forecast API
2026-05-13,H12,-21.849981846398336,-60.74725321805092,10.4,24.0,16.8,0.0,69,5.7,3.05,Open-Meteo Forecast API
2026-05-14,H12,-21.849981846398336,-60.74725321805092,14.8,24.6,18.6,2.3,80,8.7,1.94,Open-Meteo Forecast API
2026-05-15,H12,-21.849981846398336,-60.74725321805092,16.2,22.9,19.2,2.8,83,7.0,1.9,Open-Meteo Forecast API
2026-05-16,H12,-21.849981846398336,-60.74725321805092,17.8,21.5,19.3,0.3,80,8.3,1.33,Open-Meteo Forecast API
2026-05-17,H12,-21.849981846398336,-60.74725321805092,15.4,20.2,17.5,0.0,69,12.9,2.6,Open-Meteo Forecast API
2026-05-11,H13,-21.844687058146388,-60.73840619438249,7.8,20.1,13.6,0.0,70,6.0,2.96,Open-Meteo Forecast API
2026-05-12,H13,-21.844687058146388,-60.73840619438249,8.0,20.5,14.1,0.0,73,4.7,2.8,Open-Meteo Forecast API
2026-05-13,H13,-21.844687058146388,-60.73840619438249,10.4,24.0,16.8,0.0,69,5.7,3.05,Open-Meteo Forecast API
2026-05-14,H13,-21.844687058146388,-60.73840619438249,14.8,24.6,18.6,2.3,80,8.7,1.94,Open-Meteo Forecast API
2026-05-15,H13,-21.844687058146388,-60.73840619438249,16.2,22.9,19.2,2.8,83,7.0,1.9,Open-Meteo Forecast API
2026-05-16,H13,-21.844687058146388,-60.73840619438249,17.8,21.5,19.3,0.3,80,8.3,1.33,Open-Meteo Forecast API
2026-05-17,H13,-21.844687058146388,-60.73840619438249,15.4,20.2,17.5,0.0,69,12.9,2.6,Open-Meteo Forecast API
2026-05-11,H14,-21.851538212070132,-60.73587103665549,7.8,20.1,13.6,0.0,70,6.0,2.96,Open-Meteo Forecast API
2026-05-12,H14,-21.851538212070132,-60.73587103665549,8.0,20.5,14.1,0.0,73,4.7,2.8,Open-Meteo Forecast API
2026-05-13,H14,-21.851538212070132,-60.73587103665549,10.4,24.0,16.8,0.0,69,5.7,3.05,Open-Meteo Forecast API
2026-05-14,H14,-21.851538212070132,-60.73587103665549,14.8,24.6,18.6,2.3,80,8.7,1.94,Open-Meteo Forecast API
2026-05-15,H14,-21.851538212070132,-60.73587103665549,16.2,22.9,19.2,2.8,83,7.0,1.9,Open-Meteo Forecast API
2026-05-16,H14,-21.851538212070132,-60.73587103665549,17.8,21.5,19.3,0.3,80,8.3,1.33,Open-Meteo Forecast API
2026-05-17,H14,-21.851538212070132,-60.73587103665549,15.4,20.2,17.5,0.0,69,12.9,2.6,Open-Meteo Forecast API
2026-05-11,H15,-21.850670123915023,-60.724322521191446,7.8,20.1,13.6,0.0,70,6.0,2.96,Open-Meteo Forecast API
2026-05-12,H15,-21.850670123915023,-60.724322521191446,8.0,20.5,14.1,0.0,73,4.7,2.8,Open-Meteo Forecast API
2026-05-13,H15,-21.850670123915023,-60.724322521191446,10.4,24.0,16.8,0.0,69,5.7,3.05,Open-Meteo Forecast API
2026-05-14,H15,-21.850670123915023,-60.724322521191446,14.8,24.6,18.6,2.3,80,8.7,1.94,Open-Meteo Forecast API
2026-05-15,H15,-21.850670123915023,-60.724322521191446,16.2,22.9,19.2,2.8,83,7.0,1.9,Open-Meteo Forecast API
2026-05-16,H15,-21.850670123915023,-60.724322521191446,17.8,21.5,19.3,0.3,80,8.3,1.33,Open-Meteo Forecast API
2026-05-17,H15,-21.850670123915023,-60.724322521191446,15.4,20.2,17.5,0.0,69,12.9,2.6,Open-Meteo Forecast API
2026-05-11,H16,-21.856112466462683,-60.72311603150259,7.8,20.1,13.6,0.0,70,6.0,2.96,Open-Meteo Forecast API
2026-05-12,H16,-21.856112466462683,-60.72311603150259,8.0,20.5,14.1,0.0,73,4.7,2.8,Open-Meteo Forecast API
2026-05-13,H16,-21.856112466462683,-60.72311603150259,10.4,24.0,16.8,0.0,69,5.7,3.05,Open-Meteo Forecast API
2026-05-14,H16,-21.856112466462683,-60.72311603150259,14.8,24.6,18.6,2.3,80,8.7,1.94,Open-Meteo Forecast API
2026-05-15,H16,-21.856112466462683,-60.72311603150259,16.2,22.9,19.2,2.8,83,7.0,1.9,Open-Meteo Forecast API
2026-05-16,H16,-21.856112466462683,-60.72311603150259,17.8,21.5,19.3,0.3,80,8.3,1.33,Open-Meteo Forecast API
2026-05-17,H16,-21.856112466462683,-60.72311603150259,15.4,20.2,17.5,0.0,69,12.9,2.6,Open-Meteo Forecast API
2026-05-11,H17,-21.852804747696148,-60.71165135600675,7.8,20.1,13.6,0.0,70,6.0,2.96,Open-Meteo Forecast API
2026-05-12,H17,-21.852804747696148,-60.71165135600675,8.0,20.5,14.1,0.0,73,4.7,2.8,Open-Meteo Forecast API
2026-05-13,H17,-21.852804747696148,-60.71165135600675,10.4,24.0,16.8,0.0,69,5.7,3.05,Open-Meteo Forecast API
2026-05-14,H17,-21.852804747696148,-60.71165135600675,14.8,24.6,18.6,2.3,80,8.7,1.94,Open-Meteo Forecast API
2026-05-15,H17,-21.852804747696148,-60.71165135600675,16.2,22.9,19.2,2.8,83,7.0,1.9,Open-Meteo Forecast API
2026-05-16,H17,-21.852804747696148,-60.71165135600675,17.8,21.5,19.3,0.3,80,8.3,1.33,Open-Meteo Forecast API
2026-05-17,H17,-21.852804747696148,-60.71165135600675,15.4,20.2,17.5,0.0,69,12.9,2.6,Open-Meteo Forecast API
2026-05-11,H18,-21.855059343531696,-60.713042594406446,7.8,20.1,13.6,0.0,70,6.0,2.96,Open-Meteo Forecast API
2026-05-12,H18,-21.855059343531696,-60.713042594406446,8.0,20.5,14.1,0.0,73,4.7,2.8,Open-Meteo Forecast API
2026-05-13,H18,-21.855059343531696,-60.713042594406446,10.4,24.0,16.8,0.0,69,5.7,3.05,Open-Meteo Forecast API
2026-05-14,H18,-21.855059343531696,-60.713042594406446,14.8,24.6,18.6,2.3,80,8.7,1.94,Open-Meteo Forecast API
2026-05-15,H18,-21.855059343531696,-60.713042594406446,16.2,22.9,19.2,2.8,83,7.0,1.9,Open-Meteo Forecast API
2026-05-16,H18,-21.855059343531696,-60.713042594406446,17.8,21.5,19.3,0.3,80,8.3,1.33,Open-Meteo Forecast API
2026-05-17,H18,-21.855059343531696,-60.713042594406446,15.4,20.2,17.5,0.0,69,12.9,2.6,Open-Meteo Forecast API
2026-05-11,H19,-21.850744976948473,-60.702944303479924,7.8,20.1,13.6,0.0,70,6.0,2.96,Open-Meteo Forecast API
2026-05-12,H19,-21.850744976948473,-60.702944303479924,8.0,20.5,14.1,0.0,73,4.7,2.8,Open-Meteo Forecast API
2026-05-13,H19,-21.850744976948473,-60.702944303479924,10.4,24.0,16.8,0.0,69,5.7,3.05,Open-Meteo Forecast API
2026-05-14,H19,-21.850744976948473,-60.702944303479924,14.8,24.6,18.6,2.3,80,8.7,1.94,Open-Meteo Forecast API
2026-05-15,H19,-21.850744976948473,-60.702944303479924,16.2,22.9,19.2,2.8,83,7.0,1.9,Open-Meteo Forecast API
2026-05-16,H19,-21.850744976948473,-60.702944303479924,17.8,21.5,19.3,0.3,80,8.3,1.33,Open-Meteo Forecast API
2026-05-17,H19,-21.850744976948473,-60.702944303479924,15.4,20.2,17.5,0.0,69,12.9,2.6,Open-Meteo Forecast API
2026-05-11,H2,-21.834881915025253,-60.753788943751324,7.8,20.1,13.6,0.0,70,6.0,2.96,Open-Meteo Forecast API
2026-05-12,H2,-21.834881915025253,-60.753788943751324,8.0,20.5,14.1,0.0,73,4.7,2.8,Open-Meteo Forecast API
2026-05-13,H2,-21.834881915025253,-60.753788943751324,10.4,24.0,16.8,0.0,69,5.7,3.05,Open-Meteo Forecast API
2026-05-14,H2,-21.834881915025253,-60.753788943751324,14.8,24.6,18.6,2.3,80,8.7,1.94,Open-Meteo Forecast API
2026-05-15,H2,-21.834881915025253,-60.753788943751324,16.2,22.9,19.2,2.8,83,7.0,1.9,Open-Meteo Forecast API
2026-05-16,H2,-21.834881915025253,-60.753788943751324,17.8,21.5,19.3,0.3,80,8.3,1.33,Open-Meteo Forecast API
2026-05-17,H2,-21.834881915025253,-60.753788943751324,15.4,20.2,17.5,0.0,69,12.9,2.6,Open-Meteo Forecast API
2026-05-11,H20,-21.85501195732871,-60.7059699018438,7.8,20.1,13.6,0.0,70,6.0,2.96,Open-Meteo Forecast API
2026-05-12,H20,-21.85501195732871,-60.7059699018438,8.0,20.5,14.1,0.0,73,4.7,2.8,Open-Meteo Forecast API
2026-05-13,H20,-21.85501195732871,-60.7059699018438,10.4,24.0,16.8,0.0,69,5.7,3.05,Open-Meteo Forecast API
2026-05-14,H20,-21.85501195732871,-60.7059699018438,14.8,24.6,18.6,2.3,80,8.7,1.94,Open-Meteo Forecast API
2026-05-15,H20,-21.85501195732871,-60.7059699018438,16.2,22.9,19.2,2.8,83,7.0,1.9,Open-Meteo Forecast API
2026-05-16,H20,-21.85501195732871,-60.7059699018438,17.8,21.5,19.3,0.3,80,8.3,1.33,Open-Meteo Forecast API
2026-05-17,H20,-21.85501195732871,-60.7059699018438,15.4,20.2,17.5,0.0,69,12.9,2.6,Open-Meteo Forecast API
2026-05-11,H21,-21.851359109445884,-60.690844851640016,7.8,20.1,13.6,0.0,70,6.0,2.96,Open-Meteo Forecast API
2026-05-12,H21,-21.851359109445884,-60.690844851640016,8.0,20.5,14.1,0.0,73,4.7,2.8,Open-Meteo Forecast API
2026-05-13,H21,-21.851359109445884,-60.690844851640016,10.4,24.0,16.8,0.0,69,5.7,3.05,Open-Meteo Forecast API
2026-05-14,H21,-21.851359109445884,-60.690844851640016,14.8,24.6,18.6,2.3,80,8.7,1.94,Open-Meteo Forecast API
2026-05-15,H21,-21.851359109445884,-60.690844851640016,16.2,22.9,19.2,2.8,83,7.0,1.9,Open-Meteo Forecast API
2026-05-16,H21,-21.851359109445884,-60.690844851640016,17.8,21.5,19.3,0.3,80,8.3,1.33,Open-Meteo Forecast API
2026-05-17,H21,-21.851359109445884,-60.690844851640016,15.4,20.2,17.5,0.0,69,12.9,2.6,Open-Meteo Forecast API
2026-05-11,H22,-21.857046809411205,-60.695045359413825,7.8,20.1,13.6,0.0,70,6.0,2.96,Open-Meteo Forecast API
2026-05-12,H22,-21.857046809411205,-60.695045359413825,8.0,20.5,14.1,0.0,73,4.7,2.8,Open-Meteo Forecast API
2026-05-13,H22,-21.857046809411205,-60.695045359413825,10.4,24.0,16.8,0.0,69,5.7,3.05,Open-Meteo Forecast API
2026-05-14,H22,-21.857046809411205,-60.695045359413825,14.8,24.6,18.6,2.3,80,8.7,1.94,Open-Meteo Forecast API
2026-05-15,H22,-21.857046809411205,-60.695045359413825,16.2,22.9,19.2,2.8,83,7.0,1.9,Open-Meteo Forecast API
2026-05-16,H22,-21.857046809411205,-60.695045359413825,17.8,21.5,19.3,0.3,80,8.3,1.33,Open-Meteo Forecast API
2026-05-17,H22,-21.857046809411205,-60.695045359413825,15.4,20.2,17.5,0.0,69,12.9,2.6,Open-Meteo Forecast API
2026-05-11,H3,-21.839235856959995,-60.75131246651672,7.8,20.1,13.6,0.0,70,6.0,2.96,Open-Meteo Forecast API
2026-05-12,H3,-21.839235856959995,-60.75131246651672,8.0,20.5,14.1,0.0,73,4.7,2.8,Open-Meteo Forecast API
2026-05-13,H3,-21.839235856959995,-60.75131246651672,10.4,24.0,16.8,0.0,69,5.7,3.05,Open-Meteo Forecast API
2026-05-14,H3,-21.839235856959995,-60.75131246651672,14.8,24.6,18.6,2.3,80,8.7,1.94,Open-Meteo Forecast API
2026-05-15,H3,-21.839235856959995,-60.75131246651672,16.2,22.9,19.2,2.8,83,7.0,1.9,Open-Meteo Forecast API
2026-05-16,H3,-21.839235856959995,-60.75131246651672,17.8,21.5,19.3,0.3,80,8.3,1.33,Open-Meteo Forecast API
2026-05-17,H3,-21.839235856959995,-60.75131246651672,15.4,20.2,17.5,0.0,69,12.9,2.6,Open-Meteo Forecast API
2026-05-11,H4,-21.846287502435256,-60.756540083563856,8.1,19.8,13.7,0.0,70,6.2,2.95,Open-Meteo Forecast API
2026-05-12,H4,-21.846287502435256,-60.756540083563856,8.2,20.3,14.2,0.0,74,4.4,2.76,Open-Meteo Forecast API
2026-05-13,H4,-21.846287502435256,-60.756540083563856,10.6,23.6,16.9,0.0,70,6.0,3.05,Open-Meteo Forecast API
2026-05-14,H4,-21.846287502435256,-60.756540083563856,15.0,23.9,18.5,1.0,79,9.1,1.91,Open-Meteo Forecast API
2026-05-15,H4,-21.846287502435256,-60.756540083563856,16.3,22.8,19.1,3.5,83,7.4,1.91,Open-Meteo Forecast API
2026-05-16,H4,-21.846287502435256,-60.756540083563856,17.5,21.4,19.2,0.3,81,8.4,1.3,Open-Meteo Forecast API
2026-05-17,H4,-21.846287502435256,-60.756540083563856,15.2,20.2,17.4,0.0,69,13.6,2.64,Open-Meteo Forecast API
2026-05-11,H5,-21.847080003171087,-60.753006793133856,7.8,20.1,13.6,0.0,70,6.0,2.96,Open-Meteo Forecast API
2026-05-12,H5,-21.847080003171087,-60.753006793133856,8.0,20.5,14.1,0.0,73,4.7,2.8,Open-Meteo Forecast API
2026-05-13,H5,-21.847080003171087,-60.753006793133856,10.4,24.0,16.8,0.0,69,5.7,3.05,Open-Meteo Forecast API
2026-05-14,H5,-21.847080003171087,-60.753006793133856,14.8,24.6,18.6,2.3,80,8.7,1.94,Open-Meteo Forecast API
2026-05-15,H5,-21.847080003171087,-60.753006793133856,16.2,22.9,19.2,2.8,83,7.0,1.9,Open-Meteo Forecast API
2026-05-16,H5,-21.847080003171087,-60.753006793133856,17.8,21.5,19.3,0.3,80,8.3,1.33,Open-Meteo Forecast API
2026-05-17,H5,-21.847080003171087,-60.753006793133856,15.4,20.2,17.5,0.0,69,12.9,2.6,Open-Meteo Forecast API
2026-05-11,H6,-21.849861427663214,-60.75536200564133,8.1,19.8,13.7,0.0,70,6.2,2.95,Open-Meteo Forecast API
2026-05-12,H6,-21.849861427663214,-60.75536200564133,8.2,20.3,14.2,0.0,74,4.4,2.76,Open-Meteo Forecast API
2026-05-13,H6,-21.849861427663214,-60.75536200564133,10.6,23.6,16.9,0.0,70,6.0,3.05,Open-Meteo Forecast API
2026-05-14,H6,-21.849861427663214,-60.75536200564133,15.0,23.9,18.5,1.0,79,9.1,1.91,Open-Meteo Forecast API
2026-05-15,H6,-21.849861427663214,-60.75536200564133,16.3,22.8,19.1,3.5,83,7.4,1.91,Open-Meteo Forecast API
2026-05-16,H6,-21.849861427663214,-60.75536200564133,17.5,21.4,19.2,0.3,81,8.4,1.3,Open-Meteo Forecast API
2026-05-17,H6,-21.849861427663214,-60.75536200564133,15.2,20.2,17.4,0.0,69,13.6,2.64,Open-Meteo Forecast API
2026-05-11,H7,-21.850126499804063,-60.75392826440638,7.8,20.1,13.6,0.0,70,6.0,2.96,Open-Meteo Forecast API
2026-05-12,H7,-21.850126499804063,-60.75392826440638,8.0,20.5,14.1,0.0,73,4.7,2.8,Open-Meteo Forecast API
2026-05-13,H7,-21.850126499804063,-60.75392826440638,10.4,24.0,16.8,0.0,69,5.7,3.05,Open-Meteo Forecast API
2026-05-14,H7,-21.850126499804063,-60.75392826440638,14.8,24.6,18.6,2.3,80,8.7,1.94,Open-Meteo Forecast API
2026-05-15,H7,-21.850126499804063,-60.75392826440638,16.2,22.9,19.2,2.8,83,7.0,1.9,Open-Meteo Forecast API
2026-05-16,H7,-21.850126499804063,-60.75392826440638,17.8,21.5,19.3,0.3,80,8.3,1.33,Open-Meteo Forecast API
2026-05-17,H7,-21.850126499804063,-60.75392826440638,15.4,20.2,17.5,0.0,69,12.9,2.6,Open-Meteo Forecast API
2026-05-11,H8,-21.83100089257063,-60.747526537511185,7.8,20.1,13.6,0.0,70,6.0,2.96,Open-Meteo Forecast API
2026-05-12,H8,-21.83100089257063,-60.747526537511185,8.0,20.5,14.1,0.0,73,4.7,2.8,Open-Meteo Forecast API
2026-05-13,H8,-21.83100089257063,-60.747526537511185,10.4,24.0,16.8,0.0,69,5.7,3.05,Open-Meteo Forecast API
2026-05-14,H8,-21.83100089257063,-60.747526537511185,14.8,24.6,18.6,2.3,80,8.7,1.94,Open-Meteo Forecast API
2026-05-15,H8,-21.83100089257063,-60.747526537511185,16.2,22.9,19.2,2.8,83,7.0,1.9,Open-Meteo Forecast API
2026-05-16,H8,-21.83100089257063,-60.747526537511185,17.8,21.5,19.3,0.3,80,8.3,1.33,Open-Meteo Forecast API
2026-05-17,H8,-21.83100089257063,-60.747526537511185,15.4,20.2,17.5,0.0,69,12.9,2.6,Open-Meteo Forecast API
2026-05-11,H9,-21.835093412678102,-60.747482574367375,7.8,20.1,13.6,0.0,70,6.0,2.96,Open-Meteo Forecast API
2026-05-12,H9,-21.835093412678102,-60.747482574367375,8.0,20.5,14.1,0.0,73,4.7,2.8,Open-Meteo Forecast API
2026-05-13,H9,-21.835093412678102,-60.747482574367375,10.4,24.0,16.8,0.0,69,5.7,3.05,Open-Meteo Forecast API
2026-05-14,H9,-21.835093412678102,-60.747482574367375,14.8,24.6,18.6,2.3,80,8.7,1.94,Open-Meteo Forecast API
2026-05-15,H9,-21.835093412678102,-60.747482574367375,16.2,22.9,19.2,2.8,83,7.0,1.9,Open-Meteo Forecast API
2026-05-16,H9,-21.835093412678102,-60.747482574367375,17.8,21.5,19.3,0.3,80,8.3,1.33,Open-Meteo Forecast API
2026-05-17,H9,-21.835093412678102,-60.747482574367375,15.4,20.2,17.5,0.0,69,12.9,2.6,Open-Meteo Forecast API
